subreddit,date_utc,n_comments,n_words,semicolon_rate_100w,comment_length_words,complexity_index,ai_word_rate_100w,ai_word_extended_rate_100w,vader_compound_mean,vader_negativity_mean,toxicity_score,toxic_lexicon_rate_100w,contraction_rate_100w,full_form_rate_100w,formality_balance_100w,list_structure_intensity,repetition_template_similarity,assistant_tone_rate_100w,strict_ai_word_hits_total,extended_ai_word_hits_total,date,event_time_t,z_ai_word_rate_100w,z_formality_balance_100w,z_assistant_tone_rate_100w,z_list_structure_intensity,z_contraction_rate_100w,ai_likeness_index
ALL,2022-11-16,51615,1610452,0.28346079237381805,31.201239949627045,8.327837414790206,0.008072267909878719,0.00974881586039199,0.02809773902935223,0.18477873680132095,0.18477873680132095,0.2652671423923222,1.335091017925402,0.6069724524543418,-0.7281185654710604,0.03791533468952824,0.10518460419118468,0.0034151902695640727,130,157,2022-11-16,-14,-0.17843598363245897,-1.3985296503554008,-0.7218217333963989,1.0009840483146757,-0.6061627258739992,-0.6916405931955836
ALL,2022-11-17,46138,1523641,0.31168759570003696,33.02355975551606,8.529377727600615,0.009647942002085793,0.010173000070226517,0.04490157787507034,0.1761982183883177,0.1761982183883177,0.263447885689608,1.3711235126909815,0.6228501333319332,-0.7482733793590485,0.030495470111404917,0.10458976384366755,0.004791154871784101,147,155,2022-11-17,-13,0.3609685370649434,-1.787464423288496,1.4388164037751854,-1.219236728197359,0.1988827642203691,-1.4057989748660953
ALL,2022-11-18,35071,1167823,0.332841535061392,33.298822388868295,8.390783962686863,0.0073641296669101405,0.010361159182513104,0.013295329474494643,0.19214717572923798,0.19214717572923798,0.2731578329935273,1.3184360986211094,0.6779280764293903,-0.6405080221917191,0.03105129594251661,0.10497622818065962,0.00342517658926053,86,121,2022-11-18,-12,-0.42085474994023664,0.29212286304754514,-0.7061404991907075,-1.0529188600795591,-0.9782703959378154,-0.9095208502251428
ALL,2022-11-19,24163,812829,0.3000631129056665,33.63940735835782,8.445423812717681,0.0065204366478066106,0.009596114311866334,-0.0017923436659355945,0.2035752721102521,0.2035752721102521,0.2860380227575542,1.3070399801188197,0.7038380766434267,-0.6032019034753929,0.03484666639076273,0.10576777669979497,0.003936867409996445,53,78,2022-11-19,-11,-0.7096783276306134,1.0120326023578587,0.09735306448009318,0.08275689721130124,-1.2328848450492684,1.7153490814679082
ALL,2022-11-20,24700,820340,0.2945120315966551,33.21214574898785,8.407394242843429,0.005241729039178877,0.01011775605236853,0.002775570850202467,0.2009788461538468,0.2009788461538468,0.28878269985615723,1.264841407221396,0.68800741156106,-0.576833995660336,0.03234817813765182,0.1040462767013895,0.0031694175585732748,43,83,2022-11-20,-10,-1.1474215564843877,1.5208637082050815,-1.1077516414667028,-0.664857223103431,-2.1756941348445835,0.7765274219951435
ALL,2022-11-21,29239,1062171,0.35483928670618947,36.327199972639285,8.603909513646919,0.008473211940450268,0.011109322321923682,-0.04111916960224377,0.23010568418893038,0.23010568418893038,0.3301728252795454,1.4083419713021728,0.7456426507596234,-0.6626993205425492,0.03553473100995246,0.10651894388816896,0.004707339966916814,90,118,2022-11-21,-9,-0.041179793595091246,-0.136110691136479,1.3072042390236451,0.28864412696102015,1.0304253051444447,0.3881325761086505
ALL,2022-11-22,25508,927275,0.34790110808551944,36.35232084052062,8.667565652125235,0.006578415248982233,0.009166644199401473,-0.016706833150384355,0.21744115179551698,0.21744115179551698,0.30508748753066783,1.3830848453802809,0.7343021218085249,-0.648782723571756,0.03124509957660342,0.10656332918602333,0.0033431290609581836,61,85,2022-11-22,-8,-0.6898303655853426,0.13244294140600152,-0.8349774027161999,-0.9949276595080924,0.4661253462199203,-2.8534178326235535
ALL,2022-11-23,26795,920993,0.3196549810910615,34.37182310132487,8.533981220136065,0.007057599786317594,0.009989218159095672,-0.008413427878335546,0.20907624930024413,0.20907624930024413,0.32986135616665924,1.400879268354917,0.7300815532799924,-0.6707977150749246,0.03261802575107296,0.10911936491680185,0.004994609079547836,65,92,2022-11-23,-7,-0.5257899038138748,-0.2923883554243753,1.7582947680827445,-0.584111641900203,0.8636920442173858,-0.5076871772730943
ALL,2022-11-24,18771,609016,0.30229090861323843,32.44451547600021,8.456226428140454,0.007388968434326849,0.010672954405138782,-0.0017529007511587287,0.20374678493420642,0.20374678493420642,0.3466247192191995,1.3607195870059243,0.6994890117829416,-0.6612305752229826,0.03761120877950029,0.1027412794936452,0.004597580359136705,45,65,2022-11-24,-6,-0.4123516314975409,-0.10776777859275906,1.1348518441233186,0.909981489304297,-0.03356390666718798,1.5582778300045037
ALL,2022-11-25,26748,967389,0.3243783007662895,36.166778824585016,8.601551360593177,0.004755067506452937,0.011991039798881319,-0.08041157469717351,0.25616437864513764,0.25616437864513764,0.34908397759329496,1.3438234257366994,0.7276286995200484,-0.6161947262166511,0.03693734110961567,0.106017772430874,0.003721357178963168,46,116,2022-11-25,-5,-1.3140216371103246,0.76130537705498,-0.24105653077394065,0.7083423642845785,-0.4110614548716576,0.32563102832695096
ALL,2022-11-26,21025,717749,0.30149815604062147,34.13788347205708,8.449561525034786,0.006966223568406225,0.009474064053032466,-0.02164234958382887,0.21367833531510186,0.21367833531510186,0.32490466723046635,1.3078388127325848,0.7425994323921037,-0.5652393803404812,0.035386444708680145,0.10453406823999878,0.0032044628414668636,50,68,2022-11-26,-4,-0.5570709569640117,1.74460921643634,-1.0527210290325708,0.24427292267683207,-1.2150371606955823,1.594127313812172
ALL,2022-11-27,17678,616255,0.31301977265904535,34.8599954746012,8.495417917861433,0.006977631013135796,0.010385311275364906,6.208281479801249e-05,0.20033599389071172,0.20033599389071172,0.27472393733113726,1.3038433765243285,0.7235641090133144,-0.5802792675110141,0.033883923520760265,0.10690284536394427,0.0038944917282618405,43,64,2022-11-27,-3,-0.5531658173877703,1.4543790444228533,0.03081173493083882,-0.20532136889620967,-1.3043040272098918,2.031007620279604
ALL,2022-11-28,19966,739259,0.3507566360368964,37.025894019833714,8.72394164332555,0.0064929882490439746,0.012985976498087949,-0.028390228388260098,0.22167560853450774,0.22167560853450774,0.25606722407167176,1.4041087088557596,0.7516986604153618,-0.6524100484403976,0.03170389662426124,0.10586916510309939,0.004328658832695983,48,96,2022-11-28,-2,-0.7190748078111894,0.062445134332204014,0.7125720085834021,-0.8576433834020832,0.9358448753673118,-1.7375459236649782
ALL,2022-11-29,25473,918949,0.3465915953986565,36.075413182585486,8.710377523688912,0.010229076912864588,0.009358517175599516,-0.01245154869862209,0.2128832175244387,0.2128832175244387,0.24810952512054532,1.401818816931081,0.6922038110928899,-0.7096150058381911,0.030188827385859537,0.1068872918313786,0.0027204991789533477,94,86,2022-11-29,-1,0.5599099295518155,-1.0414597312651006,-1.8126754236040734,-1.3109923853328598,0.8846836338612983,-4.4899012445115165
ALL,2022-11-30,29592,1127577,0.3245898062837394,38.10411597729116,8.7986415040094,0.010021488554661898,0.010021488554661898,-0.005941457150581195,0.2118258144093019,0.2118258144093019,0.23182452284855054,1.3754271326924903,0.7132994021694306,-0.6621277305230596,0.03680048661800486,0.10752575774921319,0.0033700580980278953,113,113,2022-11-30,0,0.48884567875751683,-0.12508051067058548,-0.7926915005961525,0.6673918614237628,0.2950351371225127,-0.05656960820797097
ALL,2022-12-01,25332,922034,0.3275367285805078,36.39799463129638,8.590441631043733,0.012363969224562217,0.0130147044469076,-0.007612280909521574,0.20743214511290145,0.20743214511290145,0.22298526952368353,1.4284722689184997,0.6862002919632031,-0.7422719769552965,0.03312016421916943,0.10731790741677287,0.004446690686026762,114,120,2022-12-01,1,1.29075304604858,-1.6716531786818398,0.89791407573837,-0.43385846034743597,1.4801806000723496,-1.3970251173146753
ALL,2022-12-02,25624,969121,0.3324662245478119,37.82083203246956,8.711536673183891,0.01919264983423123,0.012279168442330731,-0.021066031845145293,0.21927716203559292,0.21927716203559292,0.22216008114569796,1.4229389312583256,0.7003253463705771,-0.7226135848877488,0.0374258507649079,0.10970920238569613,0.004746569313842131,186,119,2022-12-02,2,3.6284326521749497,-1.2922980381425289,1.3688049683784704,0.8545174426551949,1.3565536195517627,3.2029034055143235
ALL,2022-12-03,20485,762640,0.3688503094513794,37.229192091774465,8.64858164406573,0.0132434700514004,0.011669988461135004,-0.019790012204051768,0.21383066145960397,0.21383066145960397,0.24008706598132806,1.3642085387600966,0.7554022867932445,-0.608806251966852,0.04290944593605077,0.10905639166432142,0.0034092101122416875,101,89,2022-12-03,3,1.5918348016603066,0.9038834514861335,-0.7312122046019693,2.495354927054646,0.04438697886340136,4.215473996735715
ALL,2022-12-04,23896,836013,0.36135801716002025,34.98547874121192,8.584329551009326,0.010167306010791698,0.009090767727296107,-0.01929316203548707,0.21188363742885966,0.21188363742885966,0.27056995525189204,1.3210320892139238,0.7032187298522871,-0.617813359361637,0.040718111817877475,0.10741325568623662,0.003468845580152461,85,76,2022-12-04,4,0.5387637394922951,0.7300700246371506,-0.6375683230019648,1.8396494911639856,-0.920270234342871,3.3911851666343376
ALL,2022-12-05,32757,1213649,0.360483138040735,37.05006563482615,8.76523568749672,0.00865159531297764,0.00832201072962611,-0.022375531947370207,0.21414440272308688,0.21414440272308688,0.2226343860539579,1.4437452673713733,0.7787259743138255,-0.6650192930575479,0.03467961046493879,0.10906976880326226,0.003131053541839527,105,101,2022-12-05,5,0.019886640151836315,-0.180880044420848,-1.167993567397272,0.032769322175587375,1.8214131071384332,-3.1176307566291293
ALL,2022-12-06,29406,1045592,0.3666822240414999,35.55709719104944,8.645059337454464,0.006503492758169535,0.008033726348327072,-0.002633768618649095,0.20320110521662568,0.20320110521662568,0.23852516086580616,1.3693677839922263,0.7384333468503967,-0.6309344371418297,0.03424471196354485,0.10766160144225499,0.003347385978469613,68,84,2022-12-06,6,-0.7154787724774502,0.4768678152077599,-0.8282928860453872,-0.09736387342418774,0.15965590857360418,-1.3239236253128694
ALL,2022-12-07,37239,1103332,0.3307254751969489,29.62840033298424,8.242001010041355,0.006163149441872438,0.009969800567734825,0.040210746797712,0.17223287145197602,0.17223287145197602,0.2911181765778569,1.3634155449130452,0.6677953689370018,-0.6956201759760434,0.027444345981363624,0.10572203298822978,0.0038066511258623872,68,110,2022-12-07,7,-0.8319893658214407,-0.7713964101686108,-0.10712186832477402,-2.1322141975177287,0.026669745449655363,-3.8693915872822098
ALL,2022-12-08,28503,1013351,0.33453364135427904,35.552433077219945,8.63442735401059,0.008684059126600753,0.01371686612042619,-0.0267530084552505,0.2219769743535801,0.2219769743535801,0.28489634884654974,1.3869823980042453,0.7187045752162873,-0.6682778227879579,0.029610918148966776,0.10746729758848314,0.004539394543450394,88,139,2022-12-08,8,0.03100006006144279,-0.24376107759913299,1.0434843102409477,-1.4839181956597172,0.5532052773415743,-1.206400180298034
ALL,2022-12-09,31796,1123120,0.3294394187620201,35.32268209837716,8.668332654243406,0.011485860816297457,0.011040672412564997,0.045215281796452234,0.17839672285822325,0.17839672285822325,0.2310527815371465,1.3752760168103144,0.6451670346890804,-0.7301089821212337,0.033997987168197255,0.10813591552730348,0.0034724695491131843,129,124,2022-12-09,9,0.9901479606295811,-1.4369394442726136,-0.6318777074644493,-0.17119049262240002,0.2916588746622313,-1.541518558392113
ALL,2022-12-10,20220,704827,0.3244767865022197,34.85791295746785,8.628527886099821,0.010357151471212083,0.012343454493088374,0.020189470820969554,0.19236280415430168,0.19236280415430168,0.2366538171778323,1.2891106611977123,0.6976179970404085,-0.5914926641573038,0.0347675568743818,0.1058706549019344,0.003688848469198825,73,87,2022-12-10,10,0.6037540189486242,1.2379900515662796,-0.2921040344624473,0.059085226382345465,-1.6334654163309805,3.2421906787657826
ALL,2022-12-11,18537,671517,0.3232978465176608,36.22576468684253,8.61477715066712,0.0068501616489232585,0.012062241164408348,0.017364535793278412,0.19455576954199622,0.19455576954199622,0.23320332917856137,1.3097211239626099,0.7282019665920595,-0.5815191573705507,0.038895182607757456,0.10578101372827396,0.004467496727558647,46,81,2022-12-11,11,-0.5968027291366691,1.4304524389150584,0.9305852118597754,1.2941805996761024,-1.1729821718155677,4.231397693129835
ALL,2022-12-12,20228,760223,0.3587105362505476,37.58270713861973,8.802822348842101,0.01065476840348161,0.011575550858103478,0.004112255289697452,0.20251355546766794,0.20251355546766794,0.2611075960606296,1.394327716998828,0.6959799953434714,-0.6983477216553564,0.03505042515325291,0.10797904488425901,0.00447237192244907,81,88,2022-12-12,12,0.7056379805471864,-0.8240308510195126,0.9382405919396106,0.14372693690864308,0.7173159215909996,0.24625873678492793
ALL,2022-12-13,22457,817114,0.38684932579786907,36.38571492185065,8.641664805833432,0.005140041658813825,0.009178645819310403,-0.00017163913256438966,0.20426505766576075,0.20426505766576075,0.24402959684939923,1.4053118659085513,0.7180148669585884,-0.687296998949963,0.035222870374493474,0.10690244901176507,0.003059548606436801,42,75,2022-12-13,13,-1.182232456110182,-0.6107810363571047,-1.2802757367044264,0.1953271324347647,0.9627260604067245,-3.840688157143673
ALL,2022-12-14,19984,702921,0.3451312451897155,35.17418935148118,8.594274256803063,0.007966755865879666,0.011950133798819497,0.007693334667734158,0.19895394815852654,0.19895394815852654,0.24284379041172474,1.3441055253719836,0.6968066112692607,-0.6472989141027228,0.03587870296236989,0.10724536037192225,0.0046946954209648025,56,84,2022-12-14,14,-0.2145561900905041,0.16107655232008547,1.2873488676230624,0.3915696813634889,-0.40475872616468767,2.0301976373808204
