subreddit,date_utc,n_comments,n_words,semicolon_rate_100w,em_dash_rate_100w,em_dash_extended_rate_100w,en_dash_rate_100w,ascii_double_hyphen_rate_100w,colon_rate_100w,colon_extended_rate_100w,open_paren_rate_100w,curly_quote_rate_100w,quote_all_rate_100w,quote_curly_share_num,quote_curly_share_den,quote_curly_share,url_rate_100w,time_expression_rate_100w,markdown_bold_pair_rate_100w,markdown_heading_line_rate_100w,hedging_phrase_rate_100w,polite_closer_rate_100w,signposting_phrase_rate_100w,avg_words_per_sentence_mean,comment_length_words,complexity_index,ai_word_rate_100w,ai_word_extended_rate_100w,vader_compound_mean,vader_negativity_mean,toxicity_score,toxic_lexicon_rate_100w,contraction_rate_100w,full_form_rate_100w,formality_balance_100w,list_structure_intensity,repetition_template_similarity,assistant_tone_rate_100w,strict_ai_word_hits_total,extended_ai_word_hits_total,detector_primary_human_score,detector_secondary_human_score,passive_rate_100w,perplexity_mean,hostility_score,emotion_anger,emotion_fear,emotion_sadness,emotion_surprise,coverage_detector_primary,coverage_detector_secondary,coverage_perplexity,coverage_hostility,coverage_emotion,detector_low_confidence_share,date,event_time_t,z_ai_word_rate_100w,z_formality_balance_100w,z_assistant_tone_rate_100w,z_list_structure_intensity,z_contraction_rate_100w,ai_likeness_index
ALL,2022-11-01,73422,3540146,0.29086371014076823,0.019716700949621854,0.02878412359264279,0.0027964948338288875,0.006044948428680625,0.2295385557544802,0.2295385557544802,0.5220406164039562,1.326555458447194,3.937549468298765,46962.0,139395.0,0.3368987409878403,0.2086072156346094,0.005395257709710277,0.04867030907764821,0.0014688659733242643,0.08200226770308343,0.006779381415342757,0.01683546384810118,14.092847399906157,48.21642014655008,9.17771847215156,0.0065251546122674035,0.1290342262720238,0.17299152978671242,0.14307834300345945,0.14307834300345945,0.14976783443394706,1.5282703029762048,0.7553078319368749,-0.77296247103933,0.05513333878129171,,0.0027964948338288875,231,4568,,,0.4021020601975173,,,,,,,0.0,0.0,0.0,0.0,0.0,0.3877448176295933,2022-11-01,-29,-0.18863929510577526,-0.12171962017204968,-0.4442965339015793,-0.22487081138137874,0.26513743014708074,-1.2446636907078636
ALL,2022-11-02,75519,3686681,0.29045095032632334,0.017386912510195484,0.027450164524676805,0.002332721491227475,0.007676281186248553,0.2255416185994937,0.2255416185994937,0.5056580702263092,1.348068899912957,3.929387977967174,49699.0,144864.0,0.343073503423901,0.22876945415130848,0.002685342181761861,0.046817177835565375,0.0010307374031005125,0.08267598959606215,0.008354397898814678,0.01698004248265581,13.861056433984423,48.81792661449437,9.078030535481954,0.007377909832719457,0.12287474831698213,0.17146009481057747,0.14596454667037434,0.14596454667037434,0.15610246723272234,1.5223448950424514,0.762908426305395,-0.7594364687370564,0.057084971993802885,,0.002685342181761861,272,4530,,,0.39658977817717345,,,,,,,0.0,0.0,0.0,0.0,0.0,0.38933248586448443,2022-11-02,-28,0.3163382388273286,0.02224182336892625,-0.5195468147151885,0.3373023454838036,0.19822823368252473,-0.04189264071765475
ALL,2022-11-03,72387,3454943,0.27673394322279704,0.02000032996202832,0.02984130273639826,0.004428437748466472,0.00538359098833179,0.21551730375870165,0.215575191833845,0.5012817867038617,1.3385749055773135,3.9473010119124976,46247.0,136377.0,0.33911143374615954,0.20243459877630396,0.0028654597195959526,0.040926869126350275,0.0009262092022936413,0.08280889149256587,0.008770043384217916,0.017597974843579185,13.993890290974772,47.72877726663627,9.16049721521817,0.006975513054773987,0.128308918555241,0.18356244905853258,0.13859158826861176,0.13859158826861176,0.15482165697089648,1.5601994012636389,0.7369151965748784,-0.8232842046887605,0.055631536049290616,,0.0026628514565942185,241,4433,,,0.38741594289688713,,,,,,,0.0,0.0,0.0,0.0,0.0,0.3916725378866371,2022-11-03,-27,0.07805024279276722,-0.6573094608183715,-0.5347730225752245,-0.08136375836695339,0.6256780602833745,-1.8210740592511567
ALL,2022-11-04,70270,3325428,0.25659854911909086,0.016298653887559737,0.025741047468175522,0.003367987519200536,0.006014263427143814,0.20998800755872626,0.21001807887586202,0.4698944015627462,1.4021052327700374,3.9721804230914035,46626.0,132092.0,0.3529812554885989,0.19212564518010913,0.0036085580562862886,0.03822064407949894,0.0008720681969358531,0.08474097168845635,0.008600396700815654,0.018012718964295724,14.087404328979204,47.32358047530952,9.166975972903067,0.007487757966794049,0.12485610874750559,0.19344584602248469,0.13590165789099187,0.13590165789099187,0.1504167283128668,1.511534755826919,0.7405362557842178,-0.7709985000427012,0.05477444144015939,,0.0030973456649790645,249,4152,,,0.3781468129816673,,,,,,,0.0,0.0,0.0,0.0,0.0,0.38704995019211613,2022-11-04,-26,0.3813871983901146,-0.1008164668656387,-0.2406206961590227,-0.3282521485924155,0.07616107194989893,-0.36446318517686127
ALL,2022-11-05,62800,3082746,0.28331883327397067,0.022836782530899397,0.03548784103523287,0.006325529252166737,0.006228213417518017,0.23245509036424022,0.23245509036424022,0.5323176155284931,1.4445886881371348,3.9169947832224903,44533.0,120751.0,0.3688002583829533,0.2211340149334392,0.0053523709056795465,0.04719817980462873,0.0013624216850820665,0.08385381085564624,0.008336723168240263,0.017970990798463447,14.026791017576377,49.08831210191083,9.148620934679714,0.007298687598653927,0.13471755376537672,0.17814688694267514,0.14356260987261144,0.14356260987261144,0.15988991632784536,1.4496166729273186,0.7528352968424904,-0.6967813760848283,0.054474522292993634,,0.0030492294856598627,225,4153,,,0.3908528305608052,,,,,,,0.0,0.0,0.0,0.0,0.0,0.3787579617834395,2022-11-05,-25,0.26942507144750844,0.6890994344970988,-0.27319532157834736,-0.4146446595855742,-0.6230125916621105,0.8936971164427963
ALL,2022-11-06,64620,3134969,0.2917732200860679,0.01786301555134995,0.026794523327024925,0.002232876943918744,0.006539139621476321,0.22379806626477006,0.22379806626477006,0.513593595343367,1.4541132623639978,3.91349962312227,45586.0,122687.0,0.3715634093261715,0.21371822177507974,0.00529510818129302,0.04909139452415638,0.0008293542934555333,0.08280783637732941,0.009378083164458723,0.017767320825182002,14.03980797180834,48.51391210151656,9.147867252164692,0.006220157200916501,0.12009688134077244,0.1779030826369545,0.14246425719591457,0.14246425719591457,0.15815148411355903,1.4700304851499328,0.7363709178623457,-0.7336595672875872,0.05513772825750542,,0.0031579259635422237,195,3765,,,0.37604837559797244,,,,,,,0.0,0.0,0.0,0.0,0.0,0.3827452800990405,2022-11-06,-24,-0.3692501397492281,0.2965933915373929,-0.19960786925948037,-0.22360641104005147,-0.3925015807977067,-0.10336944771366036
ALL,2022-11-07,76022,3661147,0.283545020180834,0.01641562056918228,0.026303232293049143,0.0027040706095658,0.006992344202513584,0.20870508613830582,0.2087323999828469,0.48818034348252065,1.3417926130799993,3.979490580411002,49125.0,145695.0,0.33717697930608465,0.20400710487724202,0.0066918919125618275,0.04200869290416364,0.0010379260925606102,0.08049389986252942,0.007921014916909918,0.016251737501935867,14.273825335256847,48.159046065612586,9.234589423013125,0.006746519601643966,0.12504278030901245,0.17394356633606062,0.14249140643497935,0.14249140643497935,0.1651121902507602,1.537414367683133,0.7484812819589053,-0.7889330857242279,0.055273473468206574,,0.003496172101256792,247,4578,,,0.3826669620203723,,,,,,,0.0,0.0,0.0,0.0,0.0,0.374273236694641,2022-11-07,-23,-0.05755320644454574,-0.29169983257288146,0.02938456928163007,-0.18450464071764153,0.3683914219060794,-0.8727645323595181
ALL,2022-11-08,79703,3774201,0.2759789422979857,0.01642731799392772,0.025806786654976776,0.003152985227866772,0.0060675093880797545,0.19813465154611531,0.19813465154611531,0.4561495267475155,1.4068938034831744,3.9998929574762974,53099.0,150964.0,0.3517328634641371,0.19039791468445905,0.001960679889597825,0.042340087345639515,0.0010598269673501757,0.08057334519279709,0.006915370961959896,0.018202528164239264,14.100217804427968,47.353311669573294,9.15395444561524,0.006729901242673615,0.11750831500495072,0.16807678631921008,0.14505687489805905,0.14505687489805905,0.15786122678680864,1.52450810118486,0.7628369554244726,-0.7616711457603874,0.05403811650753422,,0.002914524160212983,254,4435,,,0.3980445132625422,,,,,,,0.0,0.0,0.0,0.0,0.0,0.38385004328569816,2022-11-08,-22,-0.06739412882132627,-0.0015425382581975432,-0.3643907485741315,-0.5403525110984481,0.2226549712833685,-1.1963348980354718
ALL,2022-11-09,76310,3600179,0.31059566760430524,0.01886017334138108,0.029804073630783356,0.003194285617465132,0.007666285481916316,0.2260720925265105,0.2260720925265105,0.5195019469865249,1.3419332760954386,3.9281657939785775,48312.0,141421.0,0.34161828865585736,0.20704526080508773,0.0065552296149719224,0.044525563867796575,0.0008610682968819051,0.08321808443413509,0.006916322771728849,0.017971328647825566,14.199888809481472,47.17833835670292,9.188848150116279,0.006499676821624703,0.12746588433519554,0.17631277814179006,0.1404657331935526,0.1404657331935526,0.15035363519425007,1.500953147051855,0.7301303629625082,-0.7708227840893467,0.051094220940898966,,0.0034442731875276205,234,4589,,,0.39098055957773215,,,,,,,0.0,0.0,0.0,0.0,0.0,0.38491678679072205,2022-11-09,-21,-0.20372652246041326,-0.09894626739850979,-0.00575096513356706,-1.3883494879726455,-0.04332554371562402,-1.6534476992495115
ALL,2022-11-10,68980,3288823,0.29518158927981225,0.01824360873175601,0.02861205969430401,0.003770345804562909,0.006476481099773385,0.22543019189539842,0.22543019189539842,0.4847022779882043,1.326736039002403,3.9704477863357193,43634.0,130581.0,0.3341527481027102,0.1906153052322974,0.00595957885237363,0.045578615814837097,0.0006993383347173137,0.08422466031160691,0.007875157769208012,0.015811127567521878,14.069720543333728,47.677921136561324,9.178987759792921,0.007388661536361185,0.1254552160453755,0.17732216439547693,0.14205870107277474,0.14205870107277474,0.15805046364611292,1.5463890881327453,0.7419979731350699,-0.8043911149976755,0.05439257755871267,,0.003101413484398522,243,4126,,,0.37949746763507797,,,,,,,0.0,0.0,0.0,0.0,0.0,0.3850971296027834,2022-11-10,-20,0.32270509377041673,-0.45622443923586425,-0.23786678477750522,-0.43824905905156436,0.4697331928847395,-1.2793683821792565
ALL,2022-11-11,70745,3492501,0.2788259759982889,0.014144591511927986,0.02270579163756861,0.0023192548835347508,0.006098781360406196,0.20578376355511424,0.20578376355511424,0.4850392311985021,1.3534427048123967,3.876734752545526,47269.0,135395.0,0.3491192436943757,0.19209729646462523,0.002491051541574362,0.03937006746741089,0.0013457404879769542,0.08406583133404973,0.007931279046162048,0.01769505577807995,14.065021176262656,49.36746059792211,9.18846780309759,0.006528273005505223,0.12177519777374438,0.17468173439819068,0.14632725704996818,0.14632725704996818,0.1655547127975053,1.5100353586155022,0.7582245502578239,-0.7518108083576783,0.05563644073786133,,0.0031782381737328062,228,4253,,,0.3870865033395839,,,,,,,0.0,0.0,0.0,0.0,0.0,0.37974415153014346,2022-11-11,-19,-0.18679267078815087,0.10340409523871286,-0.18585651477209766,-0.07995094973080026,0.05923000767234731,-0.4084260477246832
ALL,2022-11-12,67024,3153278,0.25668526530169555,0.015602810789280233,0.027019501610704797,0.005993762681247895,0.0053595020800576414,0.21235044927849686,0.2123821623085564,0.5110237663789872,1.5090645353819105,3.950048172092661,47585.0,124556.0,0.3820369954076881,0.20778377294992703,0.005866910561009844,0.045730189345817275,0.001458799382737583,0.08324670390622076,0.008594231146127935,0.015475958669042182,13.887995931165914,47.046998090236336,9.084950410983147,0.007072005703271326,0.12415651268299212,0.1817356603604679,0.1379770798519933,0.1379770798519933,0.16636655569220346,1.437900495928364,0.7470955621419995,-0.6908049337863645,0.05554726665075197,,0.002632181494939552,223,3915,,,0.3754505628745705,,,,,,,0.0,0.0,0.0,0.0,0.0,0.3930830747195035,2022-11-12,-18,0.13519046135986057,0.7527085661014578,-0.555536568780713,-0.1056377835781987,-0.7553106540741591,0.9820353291765658
ALL,2022-11-13,66951,3273630,0.2731829803612504,0.016831468431068874,0.025751230285646208,0.0015579036115871373,0.007239669724434344,0.21893127812245122,0.21896182525209018,0.5083347843219912,1.456059481370833,3.932209809905212,47666.0,128726.0,0.3702903842269627,0.19296621792933227,0.005254106297901718,0.04542358177313869,0.0007025839816961598,0.07997238539480638,0.007697876669018796,0.01704529833854162,13.96688446232562,48.89590894833535,9.139283592561362,0.0059566902795978776,0.1252737786493892,0.171783976340906,0.14524366626338667,0.14524366626338667,0.15551543699196305,1.4366009597908131,0.770337515235381,-0.6662634445554323,0.058117130438679034,,0.0033907313899249453,195,4101,,,0.38910933734111675,,,,,,,0.0,0.0,0.0,0.0,0.0,0.3842810413586055,2022-11-13,-17,-0.5252678022736477,1.0139112583216447,-0.0419987309757817,0.6346183409389479,-0.769984904305081,1.8512479703162443
ALL,2022-11-14,69709,3434794,0.28150159805799124,0.01860373576988897,0.02780370525859775,0.0027949274396077317,0.006317700566613311,0.22737899274308734,0.22737899274308734,0.5347336696174501,1.3217968821419857,3.8898984917290527,45401.0,133610.0,0.33980240999925154,0.21494738840233213,0.0034645454720137513,0.046145416581023495,0.0006113903774141914,0.08279972539837906,0.008093644043864057,0.018137914529954342,14.196842887805497,49.27332195268904,9.222977814412268,0.007249343046482556,0.1288578004969148,0.18947709621426215,0.13860870475835257,0.13860870475835257,0.15028557753390742,1.4949659280876815,0.7340760464819724,-0.7608898816057091,0.060939046608042,,0.0035227731270055787,249,4426,,,0.3852923930809242,,,,,,,0.0,0.0,0.0,0.0,0.0,0.38081165990044324,2022-11-14,-16,0.24020462263533573,0.006772698792693601,0.047393448244942314,1.4474788267975824,-0.11093270501640529,1.8527823014869593
ALL,2022-11-15,71698,3517727,0.28293838606577487,0.017170178356649052,0.026807083096556387,0.003013309446696688,0.006396175712327875,0.22048328366584447,0.22048328366584447,0.498134164476095,1.3697197082093069,3.939617827079816,48183.0,138585.0,0.34767832016452,0.1882749855233223,0.002018348780334574,0.0417314930919881,0.0012223802472448827,0.08349141363158653,0.007106861902586528,0.016800621537714555,14.215082544423737,49.0631119417557,9.243821879291158,0.005571779731627838,0.12798036914177818,0.18855875059276414,0.13852964517838715,0.13852964517838715,0.1518309976868586,1.5056881901295922,0.7349348030702781,-0.7707533870593142,0.05514798181260286,,0.002984881999086342,196,4502,,,0.38624373068177265,,,,,,,0.0,0.0,0.0,0.0,0.0,0.37783480710759015,2022-11-15,-15,-0.7532009472571662,-0.0982076532538666,-0.3167585325702677,-0.220652847121756,0.010142155234138594,-1.398962135437195
ALL,2022-11-16,70768,3408070,0.29286370291690017,0.018866983365951988,0.028784620034212914,0.003374343836834337,0.00642592435014539,0.21478432074458564,0.21478432074458564,0.514543421936756,1.4014090086177808,4.017376403653681,47761.0,136915.0,0.34883686959062193,0.20413313106831726,0.007364872200394945,0.041812521456425486,0.0014377638956946308,0.08738083431384919,0.0062205295079033,0.017047771906093478,14.016578970072086,48.15834840605923,9.177563347615472,0.006719345553348376,0.12188716781052034,0.18808345721229933,0.13715534422337783,0.13715534422337783,0.14999691907736637,1.5135839346022824,0.7224910286467121,-0.7910929059555701,0.05588684151028714,,0.0026994750694674698,229,4154,,,0.39077835842573655,,,,,,,0.0,0.0,0.0,0.0,0.0,0.3844251639158942,2022-11-16,-14,-0.0736449096275669,-0.3146874701131148,-0.5099788579568292,-0.0078223387737397,0.09930022233493167,-1.0054337988061823
ALL,2022-11-17,74251,3632546,0.3259972482110344,0.01825166150683295,0.02818959484614923,0.003248410343599228,0.006634465193283168,0.21802889763818545,0.21802889763818545,0.5176534584833888,1.2986208571068336,3.926006718153053,47173.0,142614.0,0.3307739773093806,0.21175230816072255,0.004817557712964956,0.04379848183615569,0.0008809248389421634,0.08572499838955927,0.007873265748045585,0.01786625688979575,14.201334018208028,48.9225195620261,9.241959414415012,0.0076530345383100445,0.13395563332164273,0.1802744353611399,0.1412468236118032,0.1412468236118032,0.15278540175403146,1.5389481647307426,0.7358750584300928,-0.8030731063006497,0.056686105237639894,,0.0026152456156095477,278,4866,,,0.4196505701510731,,,,,,,0.0,0.0,0.0,0.0,0.0,0.37439226407725146,2022-11-17,-13,0.47925931162891994,-0.442196463313407,-0.5670021492388357,0.22240771157244335,0.3857109261735689,-0.6932425155244484
ALL,2022-11-18,79329,3372981,0.3359342966948228,0.020011971606125264,0.031337265166925046,0.003379799649034489,0.007886199181080474,0.2467550217448601,0.2467846691102025,0.5331485709525194,1.3904317871935834,3.9335827862653243,46899.0,132679.0,0.3534771893065218,0.21280878842780318,0.003083325995610411,0.04793978975867341,0.0014527209017779822,0.0844356964951774,0.006907836124781017,0.01657287722640596,12.655427715893474,42.51888968725182,8.586926816635838,0.006937483490123425,0.1303891127759095,0.19947395530007941,0.1246482383491535,0.1246482383491535,0.1608369569825623,1.4792256463940947,0.7271312823878937,-0.7520943640062011,0.05019601911028754,,0.0033501522836920814,234,4398,,,0.4115943730486475,,,,,,,0.0,0.0,0.0,0.0,0.0,0.46768520969632793,2022-11-18,-12,0.05553020971268834,0.10038612440200263,-0.06947076229849752,-1.6470789230836607,-0.2886706113374862,-1.271962739929981
ALL,2022-11-19,75720,2948441,0.29510510808932583,0.01868784215115717,0.026692072183231746,0.0025098009422606727,0.005426596631914968,0.25403255483151943,0.25403255483151943,0.5074546175419484,1.5224656013126936,3.92736364743266,44889.0,115796.0,0.3876558775778092,0.20536276628903205,0.0022384711106649244,0.04714355823976128,0.0010174868684840565,0.07641326382315264,0.007902481345226172,0.01594062760625022,11.66543134573429,38.93873481246698,8.189104008589583,0.006579748416196899,0.12033478031271443,0.1972160525620708,0.11918188457474906,0.11918188457474906,0.16486678892336662,1.4161382235561097,0.7408321889432415,-0.6753060346128683,0.04368726888536714,,0.0025437171712101416,194,3548,,,0.38674675871078984,,,,,,,0.0,0.0,0.0,0.0,0.0,0.5217776016904384,2022-11-19,-11,-0.15631038780019516,0.9176681638044315,-0.6154268645031211,-3.5219418008691603,-1.0010483609037368,-2.374962528464308
ALL,2022-11-20,59275,2882239,0.28009474578617527,0.019255863236879382,0.029039923476158643,0.0034001344093949185,0.006071668588205212,0.2314867018314581,0.2314867018314581,0.5284780339173816,1.4081413789765527,3.895478480445237,40586.0,112277.0,0.3614809800760619,0.2162207922382564,0.003608305903847668,0.050550977902942815,0.0010408574722637507,0.07823778666515858,0.008257469279959087,0.01595981457471084,13.991621985957703,48.6248671446647,9.142066152213998,0.007008440313242587,0.12556210640408377,0.17466842682412487,0.14344104428511179,0.14344104428511179,0.1646983473612008,1.4758665051718471,0.760138211994217,-0.7157282931776302,0.054694221847321804,,0.0031919629149421685,202,3619,,,0.39257674328881126,,,,,,,0.0,0.0,0.0,0.0,0.0,0.388359342049768,2022-11-20,-10,0.09754883439545152,0.48744151115987866,-0.17656487295435827,-0.35135961646027236,-0.3266017449411739,0.38366760108187337
ALL,2022-11-21,62319,3128382,0.325567657658176,0.018124385065506707,0.02848117653151054,0.0027490248952973134,0.007415974136150891,0.225100387356787,0.225100387356787,0.5144832056954681,1.4023223506592226,3.966747027696745,43870.0,124095.0,0.3535194810427495,0.21093971260542993,0.0017580973167599099,0.05200771517033406,0.001438443259167199,0.08528370256573527,0.007479904947669435,0.01706952667545076,14.215437945096964,50.1994897222356,9.20136544626985,0.0076397319764657905,0.12811734628315852,0.17811599191257885,0.14507446525136797,0.14507446525136797,0.15493632171518695,1.522991757400471,0.7410220363114223,-0.7819697210890486,0.05869798937723648,,0.0033563676047234643,239,4008,,,0.39499651896731286,,,,,,,0.0,0.0,0.0,0.0,0.0,0.37404322919173927,2022-11-21,-9,0.47138191057174084,-0.21758658001088163,-0.0652629935744885,0.8019363088280227,0.20553254776218713,0.7849360980522063
ALL,2022-11-22,66336,3246756,0.3299909201676997,0.01980438320588304,0.029044375370369687,0.003233997257570326,0.005851995037508209,0.26007497945641744,0.26007497945641744,0.55347553065275,1.345712458835835,3.913136681660094,43692.0,127050.0,0.3438961038961039,0.23115380398157423,0.0036959968657946573,0.0577191510541599,0.0010163991380935308,0.08531592765209335,0.0091783922167234,0.018510784302854914,14.09806873552999,48.944102749638205,9.175052339068515,0.007545993600997426,0.13179308823946118,0.19359789706946454,0.1337444570067535,0.1337444570067535,0.15261387058343776,1.5127407171958718,0.7468685666554554,-0.7658721505404164,0.05473649300530632,,0.0033571971530968144,245,4279,,,0.3857388728934358,,,,,,,0.0,0.0,0.0,0.0,0.0,0.38210021707670044,2022-11-22,-8,0.41587269462836995,-0.046255136921133304,-0.06470138980811657,-0.33918329655745294,0.08977868394658299,-0.12404581260491586
ALL,2022-11-23,68966,3299166,0.3411468231668246,0.018428899909856005,0.027552417792860377,0.0033038652798919486,0.005789341912471212,0.24348577792084425,0.24348577792084425,0.5224047532012636,1.3464311889732132,3.9138679290463108,44421.0,129125.0,0.3440154888673766,0.2080222698706279,0.003546350805021633,0.05416520417584323,0.0015761559133429478,0.08059612641497882,0.0070017695381196345,0.017125540212283956,14.18177204098345,47.83757213699504,9.20634559575196,0.00842637199825653,0.12824453210296177,0.17433998637009546,0.14263385291302957,0.14263385291302957,0.157069998902753,1.5044711299764848,0.7426725420909406,-0.7617985878855444,0.05491111562219064,,0.0032129332079683165,278,4231,,,0.39367525004804244,,,,,,,0.0,0.0,0.0,0.0,0.0,0.38489980570136006,2022-11-23,-7,0.937207892951998,-0.002898944378463518,-0.16236799676997593,-0.2888827855984268,-0.003600783278090287,0.4866589494832221
ALL,2022-11-24,61311,2805017,0.30513184055569004,0.016506138821975054,0.025383090369862284,0.0028876830336500635,0.005846666882945808,0.2432427325752393,0.2432427325752393,0.5259861170181857,1.4613458670660462,3.9177302668753877,40991.0,109893.0,0.3730082898819761,0.21739618690368007,0.0028876830336500635,0.04973231891286221,0.0007843089721024865,0.0792865069979968,0.008698699508773031,0.017468699833191742,13.855413415853986,45.75063202361729,9.06198976511161,0.007629187274087822,0.12876927305609912,0.1664596597674153,0.14417853566244226,0.14417853566244226,0.15814520910211952,1.452005460216462,0.727696124479816,-0.7243093357366461,0.05276377811485704,,0.003208536704055626,214,3612,,,0.4035269661467293,,,,,,,0.0,0.0,0.0,0.0,0.0,0.4031739818303404,2022-11-24,-6,0.4651376359250698,0.39611081002027954,-0.16534442736228055,-0.9074290870315046,-0.5960386111651944,0.3845135427167585
ALL,2022-11-25,55981,2622478,0.3209559813275841,0.019676046853395912,0.02917088341637184,0.003088681773498195,0.006139231673249499,0.23798102405434862,0.23798102405434862,0.5566872248308661,1.4426431794661385,3.8923110127139298,37833.0,102075.0,0.37063923585598824,0.21616959227112675,0.0024785717935479346,0.05205000766450662,0.0016778024448632174,0.08480528721308625,0.007817034118112716,0.017883848787292017,13.877001621924725,46.84585841624837,9.122904968689467,0.008389012224316086,0.12003913855521381,0.1772018667047748,0.14119356924670873,0.14119356924670873,0.1552348580235945,1.4553029615501063,0.7501683522225925,-0.7051346093275139,0.054268412497097226,,0.003012418026004413,220,3148,,,0.3902415959256856,,,,,,,0.0,0.0,0.0,0.0,0.0,0.39788499669530736,2022-11-25,-5,0.9150844909952881,0.6001933786664446,-0.2981166583590574,-0.47401513651593546,-0.5588035098790656,1.3019495846658053
ALL,2022-11-26,55868,2738591,0.312825098746034,0.02011983534598631,0.03165861568960097,0.003980148915993662,0.007339540661602992,0.24932529172848375,0.24932529172848375,0.5646699342837247,1.4580125327221187,3.8735612583259056,39929.0,106081.0,0.3764010520262818,0.2323092422344191,0.0021178774048406647,0.06101677833601293,0.0013510597237776651,0.08277979442713425,0.009055751662077324,0.016833473855716315,13.884792714513924,49.01895539485931,9.067657964736082,0.0072665104062636585,0.1341200639306855,0.19491194780554164,0.1350614126154507,0.1350614126154507,0.15135520419076817,1.414157864390849,0.7254095262855973,-0.6887483381052519,0.05863821865826591,,0.0029942404689126635,199,3673,,,0.3750833914228156,,,,,,,0.0,0.0,0.0,0.0,0.0,0.3867867115343309,2022-11-26,-4,0.25037064777184326,0.7745975526931087,-0.3104228539398403,0.7847191936670502,-1.0234104061739062,2.522674946366068
ALL,2022-11-27,59792,2946174,0.33748855295036884,0.022435877853785962,0.037540213171387705,0.0072976002096278095,0.0076709658017483015,0.25354917937637084,0.25365100635604004,0.593142156573237,1.475337166100848,3.8288641471956515,43466.0,112805.0,0.38531979965427066,0.24340042373600473,0.004955579677235629,0.05468108808237396,0.0015613470215947868,0.08258168051174167,0.007365484862740626,0.018057317728009278,13.94857296472371,49.273715547230395,9.109523072534843,0.006550869025386824,0.12562055058526753,0.18559063587101954,0.13756963473374365,0.13756963473374365,0.15389450860675574,1.3860349049309375,0.736752140233401,-0.6492827646975365,0.0582017661225582,,0.002579616818287039,193,3701,,,0.3834464631077459,,,,,,,0.0,0.0,0.0,0.0,0.0,0.39200896440995453,2022-11-27,-3,-0.17341194660980438,1.1946419080745974,-0.5911228243078679,0.6589978756203516,-1.340972444215062,2.430077456992339
ALL,2022-11-28,65999,3240911,0.2761877755976637,0.018513313077711792,0.027708258572975316,0.0021907420475292287,0.006942492404141922,0.2458259421502164,0.2458259421502164,0.5354667252510174,1.3849192403000268,3.8692824332417644,44884.0,125400.0,0.35792663476874004,0.22586241954808384,0.0039803623117080356,0.05189898766118539,0.0009256656538855895,0.08158199962911662,0.009503500713225387,0.017834491598195695,14.044937092858088,49.1054561432749,9.166734137058238,0.006263670924625823,0.12669277249514102,0.18475970848043155,0.13871462900953044,0.13871462900953044,0.15554268537457525,1.470419891197259,0.7397302795417708,-0.7306896116554882,0.056258428158002395,,0.00327068531039575,203,4106,,,0.3910320277230693,,,,,,,0.0,0.0,0.0,0.0,0.0,0.3876725404930378,2022-11-28,-2,-0.34348254271319767,0.32820355176764476,-0.123269857009711,0.09921418707337303,-0.3881044412224523,0.34876978034056144
ALL,2022-11-29,74170,3617232,0.28333819893222223,0.017610150523936535,0.02817071174865201,0.003676844614887848,0.006579616679272991,0.21491571455742953,0.21494336000566178,0.5028707033444357,1.3837652658165138,3.9149548605121263,50054.0,141613.0,0.353456250485478,0.1985496092039438,0.002792190271456185,0.04431565351627985,0.0012440451704507757,0.08000592718410099,0.006911362058059864,0.017665441420401013,14.1009563161053,48.7694755291897,9.200428921080308,0.007547207367401372,0.1267543801448179,0.1868593002561683,0.13878618713765675,0.13878618713765675,0.15611384616745622,1.4932965317126465,0.7393775129712443,-0.7539190187414023,0.05730079546986652,,0.0030409993055463404,273,4585,,,0.3824747762930329,,,,,,,0.0,0.0,0.0,0.0,0.0,0.38070648510179317,2022-11-29,-1,0.41659145277928494,0.08096575733617054,-0.2787671487293152,0.39947087391758435,-0.12978338521989907,0.7480443205236238
ALL,2022-11-30,70868,3400087,0.2897867025167297,0.01802895043568003,0.025646402577345816,0.0028822791887384057,0.004676350928667413,0.22293547194527671,0.22293547194527671,0.5177220465241037,1.3367893233320205,3.876400809743986,45452.0,131801.0,0.3448532256963149,0.22570010708549515,0.002499936031048617,0.04826347090530331,0.0013529065579792519,0.08252730003673436,0.008529193517695282,0.016029001610841136,13.83727592684094,47.977747361291414,9.093058441353838,0.006117490523036616,0.12290861969120202,0.1828846319918722,0.1365422052266185,0.1365422052266185,0.1506137931176467,1.484462015236669,0.753892473927873,-0.7305695413087959,0.05688039735846927,,0.0032352113342982106,208,4179,,,0.4007250402710284,,,,,,,0.0,0.0,0.0,0.0,0.0,0.3910509679968392,2022-11-30,0,-0.4300464439751996,0.3294814977601112,-0.14728571819946837,0.27837407565175654,-0.229541984993823,0.26006539623102276
ALL,2022-12-01,68063,3254512,0.27392739679558714,0.016868888484663752,0.02746955611163824,0.003502829302826353,0.006913478887157275,0.237547134562724,0.237547134562724,0.5123348753976018,1.378178971225179,3.905685399224215,44853.0,127111.0,0.35286481893777877,0.2019657632234879,0.004301720196453416,0.046458578121696896,0.001567055214422316,0.08612658364756375,0.007650916635120719,0.017237607358645473,13.980186151798122,47.816170312798434,9.135774867175806,0.0072207446154753776,0.12112415010299547,0.18459777412103495,0.13651725313312665,0.13651725313312665,0.14254057136676712,1.5028674037766645,0.7377142871189291,-0.7651531166577354,0.05700600913859219,,0.003410649584330923,235,3942,,,0.3934537651113285,,,,,,,0.0,0.0,0.0,0.0,0.0,0.38997693313547743,2022-12-01,1,0.22326944027819315,-0.03860223598319568,-0.028514124945454543,0.31455688424430805,-0.02170992151444482,0.4924198851082958
ALL,2022-12-02,70488,3444663,0.2858044458920945,0.01869558792834016,0.02717246941137638,0.002903041603779528,0.0053996573830299216,0.20878675214382364,0.20878675214382364,0.46654781614340796,1.4021110337934364,3.940008064649575,48298.0,135720.0,0.3558650162098438,0.19020728587963467,0.002612737443401575,0.04421332362556221,0.001654733714154331,0.0824173511313008,0.0073737256736000015,0.01683764130192126,14.22631774324734,48.86878617637045,9.231145044580678,0.007780151498129134,0.12326314649647875,0.17752830268981953,0.14513775110657132,0.14513775110657132,0.1648056718465638,1.5120782497446048,0.7584776798194773,-0.7536005699251277,0.055867665418227214,,0.0034836499245354336,268,4246,,,0.40601939870460474,,,,,,,0.0,0.0,0.0,0.0,0.0,0.3771138349790035,2022-12-02,2,0.5545343816032662,0.08435510699472445,0.020907062922972508,-0.013346063283323282,0.0822981584969001,0.5641523297407397
ALL,2022-12-03,60848,2913857,0.2786341265202788,0.020865814623023712,0.030372115035157868,0.0020248076690105245,0.007412855195021582,0.21274208034230915,0.21274208034230915,0.4889052551309141,1.5105065210818513,3.8864982049565233,44014.0,113247.0,0.3886548871051772,0.2064960634650225,0.004633034496888488,0.04444281239607847,0.0015786636063471887,0.08322302707373766,0.0069667111323582455,0.01551208587106368,13.943656866524693,47.88747370496976,9.083808618516612,0.007412855195021582,0.1258812632191628,0.17946301275308968,0.1387727238364449,0.1387727238364449,0.16473011544492405,1.4063490418369877,0.7654802552081313,-0.6408687866288565,0.056813699710754666,,0.002539589279775912,216,3668,,,0.3901015046380107,,,,,,,0.0,0.0,0.0,0.0,0.0,0.3917137785958454,2022-12-03,3,0.33703189446788995,1.284194489955031,-0.618221444603707,0.2591616401742143,-1.1115869584475315,2.37375353844096
ALL,2022-12-04,61822,2952409,0.2703554961389157,0.01669822846360379,0.02675781031693102,0.0028112636155762974,0.007146706299838539,0.23848321828039407,0.23848321828039407,0.49901622708777815,1.4322202648752256,3.9124321867329357,42285.0,115511.0,0.36606903238652594,0.1975336073016984,0.0018628855283939318,0.04772374017285545,0.0019644974663063286,0.08003633642899748,0.009145074412115666,0.01862885528393932,14.039873447618282,47.75660768011387,9.154677756170399,0.008806367952407678,0.12952135019233446,0.17598171201190516,0.14177915305231148,0.14177915305231148,0.15810817539168862,1.4544394086320696,0.7661878825054388,-0.6882515261266309,0.05714794086247614,,0.0037596417027586627,260,3824,,,0.3961849459204331,,,,,,,0.0,0.0,0.0,0.0,0.0,0.387968684287147,2022-12-04,4,1.1622307544128532,0.7798852768862883,0.20775333628963663,0.35544069620428775,-0.5685546751146819,3.073864738907748
ALL,2022-12-05,70987,3489363,0.2835187969838621,0.01965974878509344,0.03029206190356234,0.002665242911098673,0.007766460525889683,0.2274340617470868,0.2274340617470868,0.497282741864346,1.2940470796532204,3.8816253854929967,45154.0,135444.0,0.3333776320841086,0.20149809578424485,0.004184144785165659,0.04780242124422137,0.0014329262962896093,0.08411277359220007,0.007565850844409137,0.01742438376288165,14.393093522025149,49.15495795004719,9.28930531340667,0.0075371923184833454,0.1331475114512305,0.1831791595644273,0.14012221251778492,0.14012221251778492,0.14515543381413742,1.52357321379289,0.7564991088631363,-0.7670741049297537,0.05558764280783805,,0.0048146323555330875,263,4646,,,0.4053175321684789,,,,,,,0.0,0.0,0.0,0.0,0.0,0.3723921281361376,2022-12-05,5,0.4106608239381465,-0.0590479108015821,0.9219813947361065,-0.09400732374299171,0.21209830330693408,0.9674886808227452
ALL,2022-12-06,69706,3421930,0.3177738878352275,0.020222506012688747,0.030479875391957168,0.0030099972822354637,0.0070428091749392885,0.23396153632599145,0.2339907596005763,0.526457291645358,1.325947637736599,3.850487882569193,45373.0,131761.0,0.34435834579276114,0.21198563383821412,0.003097667105989894,0.049650343519592736,0.0011981542579772232,0.08711458153731959,0.00715970227327853,0.018322993164676074,14.055899881723407,49.090896049120595,9.239835121700064,0.00806562378540765,0.13287822953713258,0.1882291194445241,0.13655660201417386,0.13655660201417386,0.15102588305429976,1.4679143056696076,0.7434693287121594,-0.7244449769574479,0.05508851461854073,,0.003302230028083567,276,4547,,,0.40158623934446347,,,,,,,0.0,0.0,0.0,0.0,0.0,0.38292256046825235,2022-12-06,6,0.7235829997515412,0.3946671383785112,-0.10191410147845441,-0.23778253112257566,-0.4163972973772833,1.1949508029063058
ALL,2022-12-07,69702,3386148,0.2821495102990182,0.015002297595970406,0.023684729669228872,0.002628355287483004,0.005699691803193481,0.21983681752835377,0.21983681752835377,0.5048509397699097,1.3779964726881402,3.8869830852047818,46661.0,131619.0,0.3545156854253565,0.19576817079466108,0.004784197264856705,0.04099052965198213,0.0018014569947917222,0.08768075110715774,0.007383020470457877,0.01760112080157158,14.171135546707381,48.58035637427908,9.227930106673636,0.007294424224812382,0.12822829953091242,0.19482387736363374,0.1334071805687068,0.1334071805687068,0.15702207936569812,1.4885350551718353,0.745448810861191,-0.7430862443106445,0.05603856417319446,,0.004134491463456411,247,4342,,,0.3899120770858214,,,,,,,0.0,0.0,0.0,0.0,0.0,0.3786691917018163,2022-12-07,7,0.26690042198526676,0.1962623401515916,0.46152640630518826,0.03588177930941735,-0.18354956855990584,1.14412051631137
ALL,2022-12-08,73070,3532552,0.30519012883603697,0.019645853762379154,0.029044158444093672,0.0028874309564303653,0.006454257432020816,0.22938091215642403,0.22938091215642403,0.5091503253172212,1.3442972672447566,3.884132491184843,47488.0,137209.0,0.3460997456435074,0.20444143497392256,0.0020381865574802577,0.04659520935572923,0.0017834132377952258,0.08271640445774046,0.008237670669816042,0.01916461526964076,14.139719061923197,48.344765293554126,9.217592819809562,0.0077281240304459785,0.12679218876325105,0.18155838647871902,0.1407639797454496,0.1407639797454496,0.16155459282694212,1.5063047904178057,0.7698400476482724,-0.7364647427695331,0.052798686191323385,,0.004132989408223856,273,4479,,,0.40242861251582424,,,,,,,0.0,0.0,0.0,0.0,0.0,0.3819351306965923,2022-12-08,8,0.523725186071755,0.2667370376242485,0.4605095157862003,-0.8973737224161797,0.017104752625816844,0.33649326444020716
ALL,2022-12-09,81737,3613402,0.2893118451808019,0.0172413697673273,0.028006847840345468,0.004344935880369802,0.006060770431853417,0.21622282823776595,0.21622282823776595,0.4868542166080608,1.330851092682187,3.9616405813690254,48089.0,143150.0,0.3359343346140412,0.1905129847163421,0.0025184023255646615,0.039879315946578876,0.001300713289027902,0.0830242524911427,0.006033095681023035,0.017047646511514636,13.864919763168674,44.20766605087047,9.125543626083628,0.007499857475033223,0.1290750378728965,0.18608647736031417,0.1328168846422061,0.1328168846422061,0.1641389471749891,1.5566217099564346,0.723002865443701,-0.8336188445127334,0.05671849957791453,,0.0029058488371899944,271,4664,,,0.3991252564757533,,,,,,,0.0,0.0,0.0,0.0,0.0,0.4128974638168761,2022-12-09,9,0.38855218511301337,-0.7673042422982699,-0.3702639372159554,0.2317389877671761,0.5852790779281404,-1.1025560845621762
ALL,2022-12-10,6725,327450,0.31333027943197433,0.013437165979538862,0.02107191937700412,0.00030539013589861045,0.0073293632615666505,0.21713238662391204,0.21713238662391204,0.5011452130096198,1.3043212704229654,3.896472743930371,4271.0,12759.0,0.33474410220236694,0.23789891586501757,0.001221560543594442,0.04825164147198045,0.000610780271797221,0.07634753397465262,0.010077874484654145,0.015269506794930523,13.897825285448086,48.69144981412639,9.032593188016303,0.004886242174377768,0.12459917544663307,0.1738553159851301,0.14275362081784387,0.14275362081784387,0.1652160635211483,1.5761184913727286,0.8043976179569401,-0.7717208734157887,0.058736059479553904,,0.003970071766681936,16,408,,,0.38021071919377003,,,,,,,0.0,0.0,0.0,0.0,0.0,0.3949442379182156,2022-12-10,10,-1.159156908330205,-0.10850491103718467,0.350214367199663,0.8129025034309677,0.8054350558445826,-0.9099800045813417
ALL,2023-01-01,1317,56195,0.3042975353679153,0.007118071002758252,0.014236142005516504,0.003559035501379126,0.0035590355013791256,0.18506984607171456,0.18506984607171456,0.395052940653083,1.4307322715544089,4.0590799893228935,804.0,2281.0,0.3524769837790443,0.13524334905240679,0.001779517750689563,0.024913248509653884,0.0,0.09431444078654684,0.001779517750689563,0.014236142005516504,13.806493834226012,42.66894457099468,8.922365689486503,0.008897588753447816,0.1441409378058546,0.19815839028094154,0.12508845861807139,0.12508845861807139,0.12278672479757986,1.5286057478423347,0.7260432422813418,-0.802562505560993,0.05770690964312832,,0.005338553252068689,5,81,,,0.34522644363377525,,,,,,,0.0,0.0,0.0,0.0,0.0,0.428246013667426,2023-01-01,32,1.2162491339523325,-0.436761981053877,1.276675537028348,0.516453145671669,0.2689252447080093,2.303690590890463
ALL,2023-02-01,603,25561,0.19952271037909317,0.007824420014866398,0.027385470052032394,0.0,0.019561050037165992,0.16822503031962754,0.16822503031962754,0.3912210007433199,1.35753687257932,4.154767027894057,347.0,1062.0,0.3267419962335217,0.12519072023786237,0.003912210007433199,0.015648840029732797,0.0,0.06650757012636438,0.011736630022299598,0.019561050037165992,13.395822666913599,42.38971807628524,9.144297713177181,0.0,0.13692735026016198,0.16642421227197346,0.1316669983416252,0.1316669983416252,0.17604945033449396,1.607918313055045,0.7354954813974415,-0.8724228316576034,0.05306799336650083,,0.007824420014866398,0,35,,,0.44599194084738464,,,,,,,0.0,0.0,0.0,0.0,0.0,0.44776119402985076,2023-02-01,63,-4.052651388621041,-1.180307129602373,2.9596058898996795,-0.8197990716747398,1.1645159056810557,-4.25766760567953
ALL,2023-03-01,219,9504,0.30513468013468015,0.0,0.0,0.0,0.0,0.17887205387205388,0.17887205387205388,0.33670033670033667,1.2836700336700337,4.313973063973064,122.0,410.0,0.2975609756097561,0.08417508417508417,0.0,0.02104377104377104,0.0,0.08417508417508417,0.03156565656565656,0.02104377104377104,14.466526243923504,43.397260273972606,9.260908810657247,0.0,0.15782828282828282,0.12101415525114155,0.17340456621004569,0.17340456621004569,0.1367845117845118,1.9991582491582491,0.70496632996633,-1.2941919191919191,0.0684931506849315,,0.01052188552188552,0,15,,,0.4419191919191919,,,,,,,0.0,0.0,0.0,0.0,0.0,0.3561643835616438,2023-03-01,91,-4.052651388621041,-5.669326525391915,4.785788469563285,3.6234586722772795,5.58236359518649,-6.895094367358882
ALL,2023-04-01,302,12358,0.04855154555753358,0.02427577277876679,0.03236769703835572,0.0,0.00809192425958893,0.19420618223013433,0.19420618223013433,0.32367697038355725,1.3108917300534069,3.4390678103252954,162.0,425.0,0.3811764705882353,0.11328693963424503,0.0,0.016183848519177858,0.0,0.08901116685547823,0.0,0.00809192425958893,13.61713265227825,40.920529801324506,8.799667572118311,0.00809192425958893,0.14565463667260073,0.263044701986755,0.08212814569536422,0.08212814569536422,0.1537465609321897,1.4241786696876517,0.6635377892862923,-0.7606408804013595,0.06291390728476821,,0.0,1,18,,,0.38032044020067973,,,,,,,0.0,0.0,0.0,0.0,0.0,0.4271523178807947,2023-04-01,122,0.7391573970402427,0.009422895947812756,-2.3375219102293965,2.016342716737008,-0.9102563351237931,1.33765743461946
