subreddit,date_utc,event_time_t,sample_size,heuristic_llm_style_score_mean,hf_llm_probability_mean,hf_model_id,hf_model_revision,seed
Ask_Politics,2022-11-16,-14,1,0.12121212121212122,,,,20260423
Ask_Politics,2022-11-17,-13,1,0.028571428571428577,,,,20260423
Ask_Politics,2022-11-20,-10,1,0.07142857142857144,,,,20260423
Ask_Politics,2022-11-21,-9,1,0.11099691675231245,,,,20260423
Ask_Politics,2022-11-25,-5,1,0.042328042328042326,,,,20260423
Ask_Politics,2022-12-05,5,2,0.13784461152882208,,,,20260423
Ask_Politics,2022-12-08,8,1,0.08441558441558443,,,,20260423
Ask_Politics,2022-12-13,13,1,0.053333333333333344,,,,20260423
Ask_Politics,2022-12-14,14,1,0.07142857142857144,,,,20260423
NeutralPolitics,2022-11-29,-1,1,0.08791208791208793,,,,20260423
NeutralPolitics,2022-11-30,0,1,0.10476190476190478,,,,20260423
NeutralPolitics,2022-12-08,8,1,0.07142857142857144,,,,20260423
PoliticalDiscussion,2022-11-16,-14,54,0.0656974246809661,,,,20260423
PoliticalDiscussion,2022-11-17,-13,87,0.065981798507437,,,,20260423
PoliticalDiscussion,2022-11-18,-12,44,0.07927457202879422,,,,20260423
PoliticalDiscussion,2022-11-19,-11,25,0.0716123232274815,,,,20260423
PoliticalDiscussion,2022-11-20,-10,34,0.08502880536872544,,,,20260423
PoliticalDiscussion,2022-11-21,-9,16,0.08599808861117081,,,,20260423
PoliticalDiscussion,2022-11-22,-8,33,0.08606816107797872,,,,20260423
PoliticalDiscussion,2022-11-23,-7,32,0.07353024945079352,,,,20260423
PoliticalDiscussion,2022-11-24,-6,18,0.06895939732111228,,,,20260423
PoliticalDiscussion,2022-11-25,-5,11,0.07742773728873574,,,,20260423
PoliticalDiscussion,2022-11-26,-4,8,0.0525336594173424,,,,20260423
PoliticalDiscussion,2022-11-27,-3,12,0.06547215998519187,,,,20260423
PoliticalDiscussion,2022-11-28,-2,19,0.07523516476292373,,,,20260423
PoliticalDiscussion,2022-11-29,-1,39,0.07006500798283685,,,,20260423
PoliticalDiscussion,2022-11-30,0,40,0.07646068239031592,,,,20260423
PoliticalDiscussion,2022-12-01,1,49,0.08046851019382749,,,,20260423
PoliticalDiscussion,2022-12-02,2,35,0.08315918529764266,,,,20260423
PoliticalDiscussion,2022-12-03,3,21,0.07922351660284563,,,,20260423
PoliticalDiscussion,2022-12-04,4,17,0.09479967248581458,,,,20260423
PoliticalDiscussion,2022-12-05,5,33,0.061313738973128626,,,,20260423
PoliticalDiscussion,2022-12-06,6,19,0.06783814927272906,,,,20260423
PoliticalDiscussion,2022-12-07,7,23,0.0687097739881208,,,,20260423
PoliticalDiscussion,2022-12-08,8,39,0.08816860240953749,,,,20260423
PoliticalDiscussion,2022-12-09,9,21,0.08264339604105615,,,,20260423
PoliticalDiscussion,2022-12-10,10,15,0.1051840062134943,,,,20260423
PoliticalDiscussion,2022-12-11,11,9,0.06121410374667221,,,,20260423
PoliticalDiscussion,2022-12-12,12,20,0.10510456049975891,,,,20260423
PoliticalDiscussion,2022-12-13,13,17,0.06711976880255624,,,,20260423
PoliticalDiscussion,2022-12-14,14,26,0.0744470073948548,,,,20260423
moderatepolitics,2022-11-16,-14,77,0.06608981524101941,,,,20260423
moderatepolitics,2022-11-17,-13,58,0.07216937464804558,,,,20260423
moderatepolitics,2022-11-18,-12,72,0.08034743292809986,,,,20260423
moderatepolitics,2022-11-19,-11,25,0.07325805720928222,,,,20260423
moderatepolitics,2022-11-20,-10,34,0.07431752887553682,,,,20260423
moderatepolitics,2022-11-21,-9,78,0.08029914516507906,,,,20260423
moderatepolitics,2022-11-22,-8,49,0.0706725383103789,,,,20260423
moderatepolitics,2022-11-23,-7,105,0.08036423368366802,,,,20260423
moderatepolitics,2022-11-24,-6,14,0.08126482275879283,,,,20260423
moderatepolitics,2022-11-25,-5,42,0.07622127664269908,,,,20260423
moderatepolitics,2022-11-26,-4,22,0.06733680126389446,,,,20260423
moderatepolitics,2022-11-27,-3,23,0.07833325897027088,,,,20260423
moderatepolitics,2022-11-28,-2,20,0.10151257491880325,,,,20260423
moderatepolitics,2022-11-29,-1,53,0.06451920405917176,,,,20260423
moderatepolitics,2022-11-30,0,50,0.07858155720890626,,,,20260423
moderatepolitics,2022-12-01,1,61,0.06625599946840945,,,,20260423
moderatepolitics,2022-12-02,2,41,0.07124021905376655,,,,20260423
moderatepolitics,2022-12-03,3,64,0.06248681163733545,,,,20260423
moderatepolitics,2022-12-04,4,57,0.08321886348552793,,,,20260423
moderatepolitics,2022-12-05,5,93,0.08135254609353355,,,,20260423
moderatepolitics,2022-12-06,6,49,0.08113637132854441,,,,20260423
moderatepolitics,2022-12-07,7,52,0.07560397380938105,,,,20260423
moderatepolitics,2022-12-08,8,51,0.0757460173548159,,,,20260423
moderatepolitics,2022-12-09,9,73,0.07266980640942228,,,,20260423
moderatepolitics,2022-12-10,10,30,0.08121013880256303,,,,20260423
moderatepolitics,2022-12-11,11,25,0.08907289952665237,,,,20260423
moderatepolitics,2022-12-12,12,63,0.07841920603754765,,,,20260423
moderatepolitics,2022-12-13,13,49,0.07024483006525287,,,,20260423
moderatepolitics,2022-12-14,14,66,0.08021746790816323,,,,20260423
politics,2022-11-16,-14,200,0.054152741763301294,,,,20260423
politics,2022-11-17,-13,200,0.0664243331915322,,,,20260423
politics,2022-11-18,-12,200,0.060308341898915215,,,,20260423
politics,2022-11-19,-11,200,0.059845904161716125,,,,20260423
politics,2022-11-20,-10,200,0.06303858029171792,,,,20260423
politics,2022-11-21,-9,200,0.06995955388287207,,,,20260423
politics,2022-11-22,-8,200,0.06596678093325133,,,,20260423
politics,2022-11-23,-7,200,0.0672640333701906,,,,20260423
politics,2022-11-24,-6,200,0.06495575327246539,,,,20260423
politics,2022-11-25,-5,200,0.06139034652404563,,,,20260423
politics,2022-11-26,-4,200,0.064243163300788,,,,20260423
politics,2022-11-27,-3,200,0.06317378065193618,,,,20260423
politics,2022-11-28,-2,200,0.06906447074795537,,,,20260423
politics,2022-11-29,-1,200,0.06913136134872704,,,,20260423
politics,2022-11-30,0,200,0.06932370820677497,,,,20260423
politics,2022-12-01,1,200,0.06453695573038559,,,,20260423
politics,2022-12-02,2,200,0.06849703130045684,,,,20260423
politics,2022-12-03,3,200,0.05660310354025702,,,,20260423
politics,2022-12-04,4,200,0.06236202554163954,,,,20260423
politics,2022-12-05,5,200,0.06439851551506505,,,,20260423
politics,2022-12-06,6,200,0.06652349802341409,,,,20260423
politics,2022-12-07,7,200,0.0636652941835944,,,,20260423
politics,2022-12-08,8,200,0.06540163033346177,,,,20260423
politics,2022-12-09,9,200,0.06739512398395946,,,,20260423
politics,2022-12-10,10,200,0.06310036211386098,,,,20260423
politics,2022-12-11,11,200,0.06271784690924893,,,,20260423
politics,2022-12-12,12,200,0.06155345838207458,,,,20260423
politics,2022-12-13,13,200,0.06327902279746202,,,,20260423
politics,2022-12-14,14,200,0.06328022931975091,,,,20260423
ALL,2022-11-16,-14,332,0.059001015603021206,,,,20260423
ALL,2022-11-17,-13,346,0.06716670019251887,,,,20260423
ALL,2022-11-18,-12,316,0.06751507822744676,,,,20260423
ALL,2022-11-19,-11,250,0.06236376137304927,,,,20260423
ALL,2022-11-20,-10,269,0.06727479551701514,,,,20260423
ALL,2022-11-21,-9,295,0.07370240825078517,,,,20260423
ALL,2022-11-22,-8,282,0.06913673716110683,,,,20260423
ALL,2022-11-23,-7,337,0.0719407097722512,,,,20260423
ALL,2022-11-24,-6,232,0.06625054881420775,,,,20260423
ALL,2022-11-25,-5,254,0.06446218927679773,,,,20260423
ALL,2022-11-26,-4,230,0.06413178940566094,,,,20260423
ALL,2022-11-27,-3,235,0.06477483832564157,,,,20260423
ALL,2022-11-28,-2,239,0.0722703505375008,,,,20260423
ALL,2022-11-29,-1,293,0.06848545216424654,,,,20260423
ALL,2022-11-30,0,291,0.07201721203496513,,,,20260423
ALL,2022-12-01,1,310,0.06739343262305691,,,,20260423
ALL,2022-12-02,2,276,0.07076386495185974,,,,20260423
ALL,2022-12-03,3,285,0.059591124566668874,,,,20260423
ALL,2022-12-04,4,274,0.06871341153015273,,,,20260423
ALL,2022-12-05,5,328,0.06934308688683695,,,,20260423
ALL,2022-12-06,6,268,0.06928845759687816,,,,20260423
ALL,2022-12-07,7,275,0.06634469191466717,,,,20260423
ALL,2022-12-08,8,292,0.07033490616987699,,,,20260423
ALL,2022-12-09,9,294,0.06979398633177517,,,,20260423
ALL,2022-12-10,10,245,0.06789443542878164,,,,20260423
ALL,2022-12-11,11,234,0.0654757213834878,,,,20260423
ALL,2022-12-12,12,283,0.06838584051864169,,,,20260423
ALL,2022-12-13,13,267,0.0647646840287138,,,,20260423
ALL,2022-12-14,14,293,0.06811416214875002,,,,20260423
