subreddit,date_utc,rows_total,body_removed_count,body_deleted_count,author_deleted_count,automod_author_count,stickied_count,bot_name_heuristic_count,authors_distinct_count,authors_body_removed_count,authors_body_deleted_count,authors_author_deleted_count,authors_automod_count,authors_bot_name_heuristic_count,date,days_from_event,body_removed_rate_pct,body_deleted_rate_pct,author_deleted_rate_pct,automod_author_rate_pct,stickied_rate_pct,bot_name_heuristic_rate_pct,body_removed_rate_by_authors_pct,body_deleted_rate_by_authors_pct,author_deleted_rate_by_authors_pct,automod_author_rate_by_authors_pct,bot_name_heuristic_rate_by_authors_pct
ALL,2022-11-01,84619,3861,3178,7996,3592,3015,801,35600,1,1,1,1,119,2022-11-01,-29,4.562805043784493,3.755657712806816,9.449414434110542,4.244909535683475,3.5630295796452334,0.9465959181744054,0.0028089887640449437,0.0028089887640449437,0.0028089887640449437,0.0028089887640449437,0.3342696629213483
ALL,2022-11-02,87470,3729,4097,9261,3510,2916,746,36083,1,1,1,1,120,2022-11-02,-28,4.2631759460386425,4.683891619983995,10.587630044586716,4.012804390076598,3.3337144163713273,0.8528638390305248,0.0027713881883435413,0.0027713881883435413,0.0027713881883435413,0.0027713881883435413,0.33256658260122496
ALL,2022-11-03,83273,3305,3641,8276,3410,2743,611,34927,1,1,1,1,107,2022-11-03,-27,3.968873464388217,4.372365592689107,9.938395398268346,4.094964754482245,3.2939848450278,0.7337312214042967,0.002863114495948693,0.002863114495948693,0.002863114495948693,0.002863114495948693,0.3063532510665102
ALL,2022-11-04,80814,3301,3400,7897,3308,2648,633,34468,1,2,1,1,120,2022-11-04,-26,4.084688296582276,4.207191823198951,9.771821714059445,4.093350162100626,3.2766599846561237,0.7832801247308634,0.002901241731461065,0.00580248346292213,0.002901241731461065,0.002901241731461065,0.34814900777532787
ALL,2022-11-05,73578,3841,3119,8094,3216,2725,741,31453,1,1,1,1,121,2022-11-05,-25,5.220310418875207,4.239038843132458,11.000570822800293,4.370871727962163,3.7035526923808746,1.0070945119465058,0.003179346962133978,0.003179346962133978,0.003179346962133978,0.003179346962133978,0.38470098241821127
ALL,2022-11-06,74821,3278,3029,7480,3361,2829,615,31130,1,1,1,1,135,2022-11-06,-24,4.381122946766283,4.048328677777629,9.99719330134588,4.4920543697625,3.7810240440518035,0.8219617487069139,0.0032123353678123997,0.0032123353678123997,0.0032123353678123997,0.0032123353678123997,0.4336652746546739
ALL,2022-11-07,87524,3671,3518,8491,3697,3093,615,36568,1,1,1,1,130,2022-11-07,-23,4.194278140852795,4.019468945660619,9.701339061286047,4.223984278597871,3.5338878479045746,0.7026644120469814,0.0027346313716910963,0.0027346313716910963,0.0027346313716910963,0.0027346313716910963,0.3555020783198425
ALL,2022-11-08,91602,4048,3726,9192,3527,2868,626,38335,1,1,1,1,124,2022-11-08,-22,4.419117486517762,4.067596777362939,10.03471539922709,3.850352612388376,3.1309360057640663,0.6833911923320451,0.0026085822355549756,0.0026085822355549756,0.0026085822355549756,0.0026085822355549756,0.32346419720881703
ALL,2022-11-09,88850,4722,3572,9710,3597,3014,697,35908,1,1,1,1,107,2022-11-09,-21,5.314575126617895,4.020258863252673,10.92853123241418,4.0483961733258305,3.392234102419809,0.7844682048396173,0.002784894730979169,0.002784894730979169,0.002784894730979169,0.002784894730979169,0.2979837362147711
ALL,2022-11-10,79289,3125,3316,7478,3418,2768,566,33851,1,2,1,1,108,2022-11-10,-20,3.941278109195475,4.182169027229502,9.431320864180403,4.310812344713642,3.491026498000984,0.7138442911374844,0.0029541224779179344,0.005908244955835869,0.0029541224779179344,0.0029541224779179344,0.31904522761513693
ALL,2022-11-11,81633,3473,3487,7938,3342,2787,638,34866,1,1,1,1,114,2022-11-11,-19,4.254406918770595,4.271556845883405,9.72400867296314,4.093932600786446,3.4140604902429166,0.7815466784266167,0.002868123673492801,0.002868123673492801,0.002868123673492801,0.002868123673492801,0.32696609877817934
ALL,2022-11-12,77103,3204,3253,7520,3168,2573,586,33478,1,1,1,1,106,2022-11-12,-18,4.155480331504611,4.219031684889044,9.753187294917188,4.108789541262986,3.3370945358805755,0.7600223078220043,0.0029870362626202283,0.0029870362626202283,0.0029870362626202283,0.0029870362626202283,0.31662584383774417
ALL,2022-11-13,77025,2774,3329,7141,3499,2886,665,32409,1,1,1,1,117,2022-11-13,-17,3.6014281077572217,4.321973385264524,9.271015903927296,4.542680947744239,3.7468354430379747,0.8633560532294711,0.0030855626523496557,0.0030855626523496557,0.0030855626523496557,0.0030855626523496557,0.36101083032490977
ALL,2022-11-14,80657,3403,3402,7978,3576,3022,655,34381,1,1,1,1,120,2022-11-14,-16,4.219100636026631,4.217860818031912,9.891267961863198,4.433589149112911,3.7467299800389307,0.812080786540536,0.002908583229109101,0.002908583229109101,0.002908583229109101,0.002908583229109101,0.3490299874930921
ALL,2022-11-15,83439,4397,3393,8913,3397,2800,726,34356,3,1,1,1,108,2022-11-15,-15,5.269717997579069,4.066443749325855,10.682055154064646,4.071237670633637,3.355744915447213,0.8700967173623845,0.008732099196646874,0.0029106997322156246,0.0029106997322156246,0.0029106997322156246,0.31435557107928747
ALL,2022-11-16,84914,6857,3205,11191,3452,2837,714,34023,1,1,1,1,104,2022-11-16,-14,8.07522905527946,3.7744070471300373,13.179216619167628,4.065289587111666,3.3410273924205667,0.8408507431047884,0.002939188196220204,0.002939188196220204,0.002939188196220204,0.002939188196220204,0.30567557240690124
ALL,2022-11-17,88331,6454,3508,11028,3421,2860,722,35787,1,1,1,1,142,2022-11-17,-13,7.3066080990818625,3.971425660300461,12.484858090591072,3.8729324925564073,3.2378213764137165,0.8173800817380082,0.0027943107832453123,0.0027943107832453123,0.0027943107832453123,0.0027943107832453123,0.39679213122083434
ALL,2022-11-18,92479,5842,3650,10535,3117,2522,810,44326,1,1,1,1,130,2022-11-18,-12,6.31710983033986,3.946841985748116,11.391775430097644,3.370494923171747,2.7271056131662323,0.8758745228646503,0.0022560122727067634,0.0022560122727067634,0.0022560122727067634,0.0022560122727067634,0.29328159545187926
ALL,2022-11-19,87268,4715,3320,8859,3012,2540,657,46174,1,1,1,1,153,2022-11-19,-11,5.402896823577944,3.8043727368565796,10.151487372232662,3.451436952834945,2.910574322775817,0.7528532795526425,0.002165720968510417,0.002165720968510417,0.002165720968510417,0.002165720968510417,0.33135530818209386
ALL,2022-11-20,71098,5450,2549,8799,3304,2812,613,30025,1,1,1,1,93,2022-11-20,-10,7.665475822104701,3.585192269824749,12.37587555205491,4.647106810318152,3.955104222340994,0.8621902163211342,0.003330557868442964,0.003330557868442964,0.003330557868442964,0.003330557868442964,0.3097418817651957
ALL,2022-11-21,74642,5374,2912,9032,3532,2903,622,30424,1,1,1,1,88,2022-11-21,-9,7.1996999008601055,3.9012888186275823,12.100426033600385,4.731920366549663,3.8892312638996813,0.8333110045282817,0.003286878779910597,0.003286878779910597,0.003286878779910597,0.003286878779910597,0.28924533263213253
ALL,2022-11-22,79135,5736,3051,9521,3500,2870,664,32787,1,2,1,1,95,2022-11-22,-8,7.248373033423896,3.855436911606748,12.031338851330005,4.42282176028306,3.6267138434321096,0.8390724710937005,0.0030499893250373624,0.006099978650074725,0.0030499893250373624,0.0030499893250373624,0.2897489858785494
ALL,2022-11-23,81281,5351,3084,9161,3279,2747,693,33988,1,1,1,1,101,2022-11-23,-7,6.583334358583187,3.794244657423014,11.270776688278934,4.034153123116104,3.379633616712393,0.8525977780785177,0.0029422148993762504,0.0029422148993762504,0.0029422148993762504,0.0029422148993762504,0.2971637048370013
ALL,2022-11-24,72539,4954,2690,8310,3104,2459,646,30698,1,1,1,1,110,2022-11-24,-6,6.829429686099892,3.708349991039303,11.455906477894649,4.279077461779181,3.3899006051916896,0.890555425357394,0.0032575412078962797,0.0032575412078962797,0.0032575412078962797,0.0032575412078962797,0.35832953286859076
ALL,2022-11-25,66624,4453,2474,7607,3226,2598,564,28364,1,1,1,1,93,2022-11-25,-5,6.683777617675313,3.713376560999039,11.41780739673391,4.842098943323727,3.8994956772334293,0.8465417867435158,0.0035255958256945425,0.0035255958256945425,0.0035255958256945425,0.0035255958256945425,0.32788041178959243
ALL,2022-11-26,66244,4288,2403,7336,3216,2668,696,27641,1,1,1,1,94,2022-11-26,-4,6.4730390676891485,3.6274983394722544,11.074210494535354,4.854779300766862,4.0275345691685285,1.0506611919570075,0.0036178141167106832,0.0036178141167106832,0.0036178141167106832,0.0036178141167106832,0.34007452697080426
ALL,2022-11-27,70756,4770,2428,7848,3260,2783,709,29520,1,3,1,1,97,2022-11-27,-3,6.741477754536717,3.431511108598564,11.091638871615128,4.607383119452767,3.9332353439990952,1.0020351630957092,0.0033875338753387536,0.01016260162601626,0.0033875338753387536,0.0033875338753387536,0.32859078590785906
ALL,2022-11-28,78090,5008,2856,8701,3576,3037,756,32776,1,2,1,1,116,2022-11-28,-2,6.4131130746574465,3.657318478678448,11.142271737738508,4.579331540530158,3.8891023178383914,0.9681137149442951,0.00305101293629485,0.0061020258725897,0.00305101293629485,0.00305101293629485,0.3539175006102026
ALL,2022-11-29,85784,4091,3417,8453,3545,2809,657,36536,2,2,1,1,121,2022-11-29,-1,4.768954583605335,3.9832602816376017,9.85381889396624,4.132472255898536,3.274503403898163,0.7658770866362025,0.005474052988832932,0.005474052988832932,0.002737026494416466,0.002737026494416466,0.3311802058243924
ALL,2022-11-30,83447,5735,2878,9375,3442,2803,667,35073,1,1,1,1,117,2022-11-30,0,6.8726257384926965,3.448895706256666,11.234675902069577,4.1247738085251715,3.359018299040109,0.7993097415125768,0.0028511960767541983,0.0028511960767541983,0.0028511960767541983,0.0028511960767541983,0.33358994098024125
ALL,2022-12-01,79601,5083,2643,8346,3175,2655,683,34078,1,1,1,1,116,2022-12-01,1,6.385598170877251,3.3203100463562016,10.484792904611751,3.9886433587517742,3.3353852338538457,0.8580294217409329,0.0029344445096543227,0.0029344445096543227,0.0029344445096543227,0.0029344445096543227,0.34039556311990143
ALL,2022-12-02,82719,5291,3247,9750,3174,2550,652,34100,1,1,1,1,111,2022-12-02,2,6.396353921106396,3.9253375887039255,11.786892975011787,3.8370870054038373,3.0827258550030825,0.7882106892007882,0.002932551319648094,0.002932551319648094,0.002932551319648094,0.002932551319648094,0.32551319648093846
ALL,2022-12-03,72171,4722,2932,8809,3073,2568,623,30487,2,1,1,1,106,2022-12-03,3,6.542794197115184,4.062573609898712,12.20573360491056,4.257942941070513,3.5582159038949164,0.8632276121988056,0.006560173188572179,0.0032800865942860893,0.0032800865942860893,0.0032800865942860893,0.34768917899432544
ALL,2022-12-04,73029,4518,2958,8460,3188,2691,660,30675,1,1,1,1,113,2022-12-04,4,6.186583412069178,4.050445713346753,11.58443905845623,4.365389092004547,3.6848375302961838,0.903750564844103,0.0032599837000814994,0.0032599837000814994,0.0032599837000814994,0.0032599837000814994,0.3683781581092095
ALL,2022-12-05,83517,5027,3406,9672,3464,2930,721,34318,1,1,1,1,101,2022-12-05,5,6.019133829040793,4.078211621586025,11.580875749847335,4.147658560532586,3.50826777781769,0.8632972927667422,0.0029139227227693923,0.0029139227227693923,0.0029139227227693923,0.0029139227227693923,0.2943061949997086
ALL,2022-12-06,82675,5517,3371,10198,3442,2872,838,33992,1,1,1,1,119,2022-12-06,6,6.673117629271243,4.077411551254913,12.335046870275173,4.163289990928334,3.4738433625642577,1.0136074992440278,0.002941868674982349,0.002941868674982349,0.002941868674982349,0.002941868674982349,0.3500823723228995
ALL,2022-12-07,82453,5486,3171,9951,3455,2919,727,34514,1,2,1,1,115,2022-12-07,7,6.6534874413302125,3.845827319806435,12.0686936800359,4.190265969703953,3.5401986586297647,0.8817144312517434,0.0028973749782696878,0.0057947499565393756,0.0028973749782696878,0.0028973749782696878,0.33319812250101405
ALL,2022-12-08,86287,5904,3423,10531,3284,2743,710,36176,1,1,1,1,118,2022-12-08,8,6.842282151424896,3.9669938692966498,12.204619467590714,3.805903554417236,3.1789261418290122,0.8228354213265034,0.002764263600176913,0.002764263600176913,0.002764263600176913,0.002764263600176913,0.3261831048208757
ALL,2022-12-09,99149,9502,4143,14793,3143,2540,831,38482,1,2,1,1,132,2022-12-09,9,9.583556062088372,4.178559541699866,14.919968935642316,3.1699765000151285,2.5618009258792322,0.8381325076400166,0.0025986175354711294,0.005197235070942259,0.0025986175354711294,0.0025986175354711294,0.34301751468218905
ALL,2022-12-10,73969,4651,2947,8537,3059,2527,595,31576,1,2,1,1,113,2022-12-10,10,6.287769200611066,3.9841014479038517,11.541321364355337,4.135516229771931,3.416296015898552,0.8043910286741742,0.0031669622498099823,0.006333924499619965,0.0031669622498099823,0.0031669622498099823,0.357866734228528
ALL,2022-12-11,75224,6588,2902,10410,3373,2696,747,30826,1,1,1,1,115,2022-12-11,11,8.757843241518664,3.857811336807402,13.838668510049985,4.483941295331277,3.583962565138785,0.9930341380410508,0.0032440147927074547,0.0032440147927074547,0.0032440147927074547,0.0032440147927074547,0.3730617011613573
ALL,2022-12-12,85072,5485,3108,9694,3521,2861,764,34544,1,2,1,1,116,2022-12-12,12,6.447479781831859,3.653375963889411,11.395053601655068,4.138847094226068,3.363033665600903,0.8980628173782208,0.0028948587308939323,0.005789717461787865,0.0028948587308939323,0.0028948587308939323,0.33580361278369614
ALL,2022-12-13,86236,5457,3158,9665,3635,3036,757,35313,1,1,1,1,120,2022-12-13,13,6.327983672712093,3.6620436940488896,11.20761630873417,4.215176956259567,3.520571455076766,0.8778236467368616,0.002831818310537196,0.002831818310537196,0.002831818310537196,0.002831818310537196,0.3398181972644635
ALL,2022-12-14,86774,5691,3254,9899,3406,2765,842,35999,1,1,1,1,118,2022-12-14,14,6.5584161154262794,3.749971189526817,11.40779496162445,3.9251388664807427,3.1864383340631983,0.9703367368105654,0.0027778549404150117,0.0027778549404150117,0.0027778549404150117,0.0027778549404150117,0.32778688296897135
ALL,2022-12-15,85998,6938,3157,11145,3435,2839,676,35005,1,1,1,1,108,2022-12-15,15,8.067629479755343,3.6710156050140696,12.959603711714227,3.994278936719459,3.3012395637107836,0.7860647922044699,0.00285673475217826,0.00285673475217826,0.00285673475217826,0.00285673475217826,0.3085273532352521
ALL,2022-12-16,84025,6021,2919,9804,3357,2701,586,35054,1,1,1,1,91,2022-12-16,16,7.165724486759893,3.473966081523356,11.667955965486462,3.995239512049985,3.2145194882475456,0.6974114846771794,0.0028527414845666687,0.0028527414845666687,0.0028527414845666687,0.0028527414845666687,0.2595994750955668
ALL,2022-12-17,71554,4792,2557,8027,3305,2742,583,30769,1,1,1,1,113,2022-12-17,17,6.697039997763926,3.573524890292646,11.21810101461833,4.618889230511222,3.832070883528524,0.814769265170361,0.003250024375182814,0.003250024375182814,0.003250024375182814,0.003250024375182814,0.36725275439565797
ALL,2022-12-18,75504,6151,2595,9480,3805,3217,549,31409,1,2,1,1,110,2022-12-18,18,8.146588260224624,3.436904005085823,12.555626191989827,5.039468107649926,4.260701419792329,0.7271137952956135,0.0031838008214206117,0.0063676016428412235,0.0031838008214206117,0.0031838008214206117,0.35021809035626733
ALL,2022-12-19,78759,5120,2703,8591,4605,4031,528,32417,1,1,1,1,93,2022-12-19,19,6.500844347947536,3.4319887250980843,10.90795972523775,5.846950824667657,5.118145227846976,0.6703995733820897,0.0030848011845636546,0.0030848011845636546,0.0030848011845636546,0.0030848011845636546,0.2868865101644199
ALL,2022-12-20,85140,5709,2899,9338,4396,3878,501,35380,1,1,1,1,128,2022-12-20,20,6.705426356589148,3.4049800328870097,10.967817712003757,5.163260512097721,4.554850833920601,0.5884425651867513,0.002826455624646693,0.002826455624646693,0.002826455624646693,0.002826455624646693,0.3617863199547767
ALL,2022-12-21,87745,7192,2842,10874,5081,3951,655,35812,1,1,1,1,111,2022-12-21,21,8.196478431819477,3.2389309932189865,12.392728930423386,5.790643341500941,4.502820673542652,0.7464812809846715,0.0027923601027588516,0.0027923601027588516,0.0027923601027588516,0.0027923601027588516,0.30995197140623254
ALL,2022-12-22,84885,10876,2794,14279,4143,3587,670,33230,1,1,1,1,123,2022-12-22,22,12.812628850798138,3.2915120457089007,16.821582140543086,4.880720975437356,4.225717146727926,0.7893031748836661,0.003009328919650918,0.003009328919650918,0.003009328919650918,0.003009328919650918,0.3701474571170629
ALL,2022-12-23,83588,10662,2752,14051,4374,3486,635,32424,1,1,1,1,106,2022-12-23,23,12.755419438196872,3.292338613198067,16.809829162080682,5.23280853711059,4.170455089247261,0.7596784227401062,0.0030841352084875397,0.0030841352084875397,0.0030841352084875397,0.0030841352084875397,0.32691833209967924
ALL,2022-12-24,74671,10433,2472,13491,3821,3286,536,29645,1,1,1,1,99,2022-12-24,24,13.971956984639283,3.3105221571962344,18.06725502537799,5.117113738934794,4.4006374630043785,0.717815483922808,0.0033732501264968798,0.0033732501264968798,0.0033732501264968798,0.0033732501264968798,0.3339517625231911
ALL,2022-12-25,69123,9946,2192,12638,3479,2988,484,28083,1,1,1,1,88,2022-12-25,25,14.388843076834048,3.171158659201713,18.283349970342723,5.033057014307828,4.3227290482183935,0.7002010908091373,0.003560873126090518,0.003560873126090518,0.003560873126090518,0.003560873126090518,0.3133568350959655
ALL,2022-12-26,72332,9460,2294,12206,5488,4951,639,28884,1,2,1,1,88,2022-12-26,26,13.078582093679147,3.1714870320190234,16.874965437150916,7.587236631089973,6.84482663274899,0.8834264226068682,0.0034621243595069936,0.006924248719013987,0.0034621243595069936,0.0034621243595069936,0.30466694363661545
ALL,2022-12-27,78032,8640,2391,11517,6375,5651,820,30127,1,2,1,1,96,2022-12-27,27,11.072380561820792,3.0641275374205454,14.759329505843757,8.1697252409268,7.241900758663113,1.0508509329505844,0.0033192817074385104,0.006638563414877021,0.0033192817074385104,0.0033192817074385104,0.318651043914097
ALL,2022-12-28,85726,10077,2655,13205,6119,5424,494,32399,1,1,1,1,97,2022-12-28,28,11.754893497888622,3.097076732846511,15.403728157151855,7.1378578260971,6.327135291510161,0.5762545785409326,0.0030865150158955524,0.0030865150158955524,0.0030865150158955524,0.0030865150158955524,0.29939195654186856
ALL,2022-12-29,89033,11966,2473,14950,5776,5067,339,33622,1,2,1,1,106,2022-12-29,29,13.439960464097581,2.7776217806880594,16.79152673727719,6.487482169532645,5.691148225938697,0.3807576965844125,0.0029742430551424662,0.0059484861102849325,0.0029742430551424662,0.0029742430551424662,0.3152697638451014
ALL,2022-12-30,84752,10346,2365,13169,5504,4819,364,33418,1,1,1,1,121,2022-12-30,30,12.207381536718898,2.790494619595998,15.538276382858221,6.494242023787049,5.686001510288842,0.4294883896545214,0.002992399305763361,0.002992399305763361,0.002992399305763361,0.002992399305763361,0.3620803159973667
ALL,2022-12-31,78778,11078,2084,13563,5068,4471,295,31231,1,1,1,1,103,2022-12-31,31,14.062301657823252,2.645408616618853,17.216735636852928,6.433268171316866,5.675442382391023,0.3744700297037244,0.003201946783644456,0.003201946783644456,0.003201946783644456,0.003201946783644456,0.32980051871537897
ALL,2023-01-01,74481,9386,2580,12687,4938,4480,254,29043,1,2,1,1,92,2023-01-01,32,12.601871618265061,3.463970677085431,17.03387441092359,6.629878761026302,6.014956834628966,0.34102657053476726,0.0034431704713700374,0.006886340942740075,0.0034431704713700374,0.0034431704713700374,0.31677168336604344
ALL,2023-01-02,82406,9619,3054,13702,6098,5387,400,31247,1,2,1,1,111,2023-01-02,33,11.672693735893018,3.706040822270223,16.62743004150183,7.399946605829673,6.537145353493677,0.4854015484309395,0.0032003072294940317,0.0064006144589880635,0.0032003072294940317,0.0032003072294940317,0.3552341024738375
ALL,2023-01-03,93405,11514,3564,16292,5738,5055,375,35103,1,1,1,1,111,2023-01-03,34,12.326963224666773,3.8156415609442753,17.442321074888927,6.143140088860339,5.411915850329212,0.4014774369680424,0.0028487593652964135,0.0028487593652964135,0.0028487593652964135,0.0028487593652964135,0.31621228954790187
ALL,2023-01-04,91542,10547,3402,15058,5138,4315,416,35377,1,1,1,1,125,2023-01-04,35,11.521487404688559,3.7163269319001118,16.449280111861224,5.612724214021979,4.713683336610518,0.45443621507067794,0.00282669531051248,0.00282669531051248,0.00282669531051248,0.00282669531051248,0.35333691381405996
ALL,2023-01-05,91080,10934,3334,15248,4563,3746,361,35715,1,1,1,1,121,2023-01-05,36,12.004830917874395,3.660518225735617,16.741326306543698,5.009881422924901,4.112867808519982,0.396354852876592,0.0027999440011199778,0.0027999440011199778,0.0027999440011199778,0.0027999440011199778,0.3387932241355173
ALL,2023-01-06,85917,9726,3139,13939,4413,3610,307,34072,1,2,1,1,112,2023-01-06,37,11.320227661580361,3.653526077493395,16.223797385849135,5.136352526275359,4.201729576218909,0.3573216010801122,0.002934961258511388,0.005869922517022776,0.002934961258511388,0.002934961258511388,0.3287156609532754
ALL,2023-01-07,80508,10432,2995,14560,4376,3628,281,31265,1,1,1,1,98,2023-01-07,38,12.957718487603717,3.7201271923287127,18.085159238833405,5.4354846723307,4.506384458687336,0.34903363640880414,0.0031984647369262755,0.0031984647369262755,0.0031984647369262755,0.0031984647369262755,0.31344954421877497
ALL,2023-01-08,81108,10146,3058,14233,4475,3730,301,31666,4,1,1,1,101,2023-01-08,39,12.509246930019232,3.770281599842186,17.548207328500272,5.517334911476056,4.598806529565517,0.3711101247719091,0.01263184488094486,0.003157961220236215,0.003157961220236215,0.003157961220236215,0.31895408324385777
ALL,2023-01-09,85392,10269,3330,14472,4706,3966,301,33627,1,1,1,1,117,2023-01-09,40,12.025716694772344,3.8996627318718384,16.947723440134908,5.5110548997564175,4.644463181562675,0.35249203672475177,0.0029738008148214234,0.0029738008148214234,0.0029738008148214234,0.0029738008148214234,0.34793469533410654
ALL,2023-01-10,87454,9656,3192,13814,4426,3807,323,34604,2,1,1,1,117,2023-01-10,41,11.041233105403984,3.6499188144624606,15.795732613716925,5.060946326068562,4.353145653715096,0.3693370228920347,0.005779678649867067,0.0028898393249335336,0.0028898393249335336,0.0028898393249335336,0.3381112010172235
ALL,2023-01-11,90957,10614,3152,14830,4581,3894,326,35358,1,1,1,1,111,2023-01-11,42,11.669250305089218,3.4653737480347857,16.30440757720681,5.036445793067053,4.281143837197797,0.3584111173411612,0.0028282142655127553,0.0028282142655127553,0.0028282142655127553,0.0028282142655127553,0.31393178347191586
ALL,2023-01-12,93524,11028,3501,15429,4562,3783,387,36134,1,1,1,1,116,2023-01-12,43,11.791625678970103,3.7434241478123265,16.49736965912493,4.877892305718318,4.044951028612977,0.41379752790727514,0.0027674766148226048,0.0027674766148226048,0.0027674766148226048,0.0027674766148226048,0.32102728731942215
ALL,2023-01-13,90718,10704,3177,14815,4280,3642,374,35132,1,1,1,1,115,2023-01-13,44,11.79920192244097,3.502061332921801,16.330827399193105,4.717917061663617,4.014638770696003,0.4122665843603254,0.002846407833314357,0.002846407833314357,0.002846407833314357,0.002846407833314357,0.3273369008311511
ALL,2023-01-14,75746,9165,2699,12677,3908,3367,328,30707,1,1,1,1,113,2023-01-14,45,12.099648826340664,3.5632244606975947,16.736197290946055,5.15934834842764,4.445119214215932,0.43302616639822566,0.003256586446087211,0.003256586446087211,0.003256586446087211,0.003256586446087211,0.3679942684078549
ALL,2023-01-15,79766,9726,2753,13262,4448,3737,344,32022,1,1,1,1,124,2023-01-15,46,12.19316500764737,3.4513451846651457,16.626131434445753,5.576310708823308,4.684953488955194,0.43126143971115516,0.003122853038536007,0.003122853038536007,0.003122853038536007,0.003122853038536007,0.38723377677846477
ALL,2023-01-16,86235,10283,3167,14317,4686,3978,413,33435,1,1,1,1,97,2023-01-16,47,11.924392647996752,3.672522757581029,16.602307647706848,5.433988519742564,4.612976169768655,0.4789238708181133,0.0029908778226409452,0.0029908778226409452,0.0029908778226409452,0.0029908778226409452,0.2901151487961717
ALL,2023-01-17,90456,11430,3044,15290,4681,3977,349,34935,1,1,1,1,111,2023-01-17,48,12.635977712921198,3.3651720173343946,16.903245776952332,5.174891660033608,4.396612717785443,0.38582294154063856,0.002862458852154,0.002862458852154,0.002862458852154,0.002862458852154,0.317732932589094
ALL,2023-01-18,86771,11093,2939,14782,4428,3767,362,33461,1,2,1,1,106,2023-01-18,49,12.784225144345463,3.387076327344389,17.035645549780458,5.1030874370469395,4.341312189556419,0.41719007502506594,0.0029885538387974062,0.0059771076775948125,0.0029885538387974062,0.0029885538387974062,0.31678670691252503
ALL,2023-01-19,90489,10195,3103,14098,4346,3694,304,35152,1,1,1,1,117,2023-01-19,50,11.26656278663705,3.4291460840544157,15.579794229132823,4.802793709732675,4.082264142602968,0.33595243620771587,0.0028447883477469276,0.0028447883477469276,0.0028447883477469276,0.0028447883477469276,0.33284023668639057
ALL,2023-01-20,93318,10447,3371,14641,4341,3667,400,36185,1,1,1,1,122,2023-01-20,51,11.195053473070576,3.6123791765790094,15.689363252534344,4.651835658715361,3.92957414432371,0.4286418483036499,0.002763576067431256,0.002763576067431256,0.002763576067431256,0.002763576067431256,0.3371562802266132
ALL,2023-01-21,76934,9162,2895,12663,4147,3496,333,31151,1,1,1,1,98,2023-01-21,52,11.90890893493124,3.7629656588764395,16.459562742090622,5.390334572490707,4.544154730028336,0.4328385369277562,0.0032101698179833713,0.0032101698179833713,0.0032101698179833713,0.0032101698179833713,0.3145966421623704
ALL,2023-01-22,83263,10410,2734,13757,4526,3867,313,32520,1,1,1,1,107,2023-01-22,53,12.502552154017991,3.28357133420607,16.522344859061047,5.435787804907342,4.644319805916193,0.37591727417940746,0.0030750307503075026,0.0030750307503075026,0.0030750307503075026,0.0030750307503075026,0.3290282902829028
ALL,2023-01-23,87175,9840,2938,13467,4475,3755,335,34602,1,1,1,1,103,2023-01-23,54,11.287639804989963,3.3702322913679383,15.448236306280469,5.13335245196444,4.307427588184686,0.38428448523085745,0.0028900063580139875,0.0028900063580139875,0.0028900063580139875,0.0028900063580139875,0.29767065487544075
ALL,2023-01-24,86532,9797,2842,13310,4518,3862,427,34505,1,2,1,1,142,2023-01-24,55,11.321823140572274,3.2843341191697872,15.381592936717054,5.221189848842047,4.4630887995192525,0.49345906716590393,0.002898130705694827,0.005796261411389654,0.002898130705694827,0.002898130705694827,0.4115345602086654
ALL,2023-01-25,94891,11525,3205,15399,4526,3913,398,36779,1,2,1,1,123,2023-01-25,56,12.145514326964623,3.3775595156548035,16.22809328598076,4.76968311009474,4.123678747194149,0.4194286075602533,0.002718942875010196,0.005437885750020392,0.002718942875010196,0.002718942875010196,0.3344299736262541
ALL,2023-01-26,91181,11254,3045,14913,4398,3768,327,36228,1,2,1,1,123,2023-01-26,57,12.342483631458308,3.3395115210405675,16.355381055263706,4.82337329048815,4.132439872341825,0.3586273456092826,0.002760295903720879,0.005520591807441758,0.002760295903720879,0.002760295903720879,0.3395163961576681
ALL,2023-01-27,87693,11716,2757,15138,4134,3393,418,34335,1,1,1,1,124,2023-01-27,58,13.36024540157139,3.143922547979884,17.262495296089767,4.7141733091580855,3.8691799801580515,0.47666290353848084,0.0029124799767001604,0.0029124799767001604,0.0029124799767001604,0.0029124799767001604,0.3611475171108199
ALL,2023-01-28,76132,9931,2225,12609,4033,3398,277,30589,1,1,1,1,100,2023-01-28,59,13.044449114695528,2.9225555613933696,16.562023853307416,5.297378237797509,4.463300583197604,0.36384174854200596,0.0032691490405047565,0.0032691490405047565,0.0032691490405047565,0.0032691490405047565,0.32691490405047563
ALL,2023-01-29,86791,10705,2612,13764,4445,3767,389,35092,1,1,1,1,131,2023-01-29,60,12.334228203385143,3.00952863776198,15.858787201437938,5.121498772914243,4.340311783479854,0.4482031547049809,0.0028496523424142257,0.0028496523424142257,0.0028496523424142257,0.0028496523424142257,0.3733044568562635
ALL,2023-01-30,94542,11904,2909,15270,4514,3863,350,36954,1,1,1,1,109,2023-01-30,61,12.591229294916545,3.0769393497070086,16.1515516913118,4.774597533371412,4.086014681305663,0.37020583444395083,0.002706067002218975,0.002706067002218975,0.002706067002218975,0.002706067002218975,0.29496130324186826
ALL,2023-01-31,90083,10196,3050,13762,4645,3891,370,35567,1,1,1,1,121,2023-01-31,62,11.318450762074974,3.385766459820388,15.27702230165514,5.15635580520187,4.319349932839715,0.41073232463394865,0.0028115950178536284,0.0028115950178536284,0.0028115950178536284,0.0028115950178536284,0.340202997160289
ALL,2023-02-01,93079,11183,3067,14871,4336,3609,402,36519,1,1,1,1,130,2023-02-01,63,12.014525295716542,3.2950504410232164,15.976750932003997,4.658408448737094,3.8773514971153533,0.431891189204869,0.0027383006106410364,0.0027383006106410364,0.0027383006106410364,0.0027383006106410364,0.3559790793833347
ALL,2023-02-02,86310,10400,3250,14551,4269,3635,447,32899,1,1,1,1,114,2023-02-02,64,12.049588691924457,3.7654964662263932,16.858996640018535,4.94612443517553,4.2115629706870585,0.5179005908932917,0.0030396060670537096,0.0030396060670537096,0.0030396060670537096,0.0030396060670537096,0.3465150916441229
ALL,2023-02-03,91952,11063,3465,15419,4057,3473,415,35753,2,1,1,1,119,2023-02-03,65,12.031277188098139,3.768270401948843,16.768531407690972,4.412084565860449,3.7769705933530537,0.45132242909344006,0.005593936173188264,0.002796968086594132,0.002796968086594132,0.002796968086594132,0.3328392023047017
ALL,2023-02-04,78247,9293,2869,12959,3605,3029,388,31137,1,1,1,1,107,2023-02-04,66,11.87649366748885,3.6665942464247827,16.561657315935435,4.607205388065997,3.871074929390264,0.4958656561912917,0.003211613193306998,0.003211613193306998,0.003211613193306998,0.003211613193306998,0.3436426116838488
ALL,2023-02-05,76303,8451,2722,11830,4151,3565,301,30885,1,2,1,1,100,2023-02-05,67,11.075580252414715,3.5673564604275056,15.503977563136443,5.440153073928941,4.67216230030274,0.3944799024940042,0.003237817710862878,0.006475635421725756,0.003237817710862878,0.003237817710862878,0.32378177108628786
ALL,2023-02-06,91779,11964,3287,16129,4461,3738,414,34488,1,1,1,1,113,2023-02-06,68,13.035661752688524,3.581429302999597,17.573736911493913,4.8605890236328575,4.072827117314418,0.45108358121138825,0.002899559266991417,0.002899559266991417,0.002899559266991417,0.002899559266991417,0.3276501971700302
ALL,2023-02-07,89509,9887,3117,13946,4299,3709,415,35272,1,1,1,1,119,2023-02-07,69,11.045816621792222,3.4823313856707143,15.580556145192103,4.802868985241707,4.143717391547218,0.46364052776815734,0.002835110002268088,0.002835110002268088,0.002835110002268088,0.002835110002268088,0.33737809026990245
ALL,2023-02-08,95333,12543,3588,17162,4277,3656,363,36088,1,2,1,1,114,2023-02-08,70,13.157039010625912,3.7636495232500815,18.002160846716247,4.486379323004626,3.834978443980573,0.3807705621348326,0.002771004211926402,0.005542008423852804,0.002771004211926402,0.002771004211926402,0.31589448015960986
ALL,2023-02-09,90713,11213,3130,15244,4127,3502,350,35126,1,1,1,1,114,2023-02-09,71,12.360962596320263,3.4504426046983347,16.804647624926968,4.549513300188507,3.8605271570778172,0.38583224014198625,0.002846894038603883,0.002846894038603883,0.002846894038603883,0.002846894038603883,0.3245459204008427
ALL,2023-02-10,92704,11135,3313,15273,3876,3317,373,37545,1,1,1,1,130,2023-02-10,72,12.01134794615119,3.5737400759406284,16.47501725923369,4.181049361408354,3.578054884363134,0.4023558853986883,0.0026634705020641895,0.0026634705020641895,0.0026634705020641895,0.0026634705020641895,0.34625116526834465
ALL,2023-02-11,85476,9261,3706,13706,3751,3257,269,36253,1,1,1,1,103,2023-02-11,73,10.834620244279096,4.335719968178202,16.034910384201414,4.388366325050306,3.81042631849876,0.3147082221910244,0.002758392408904091,0.002758392408904091,0.002758392408904091,0.002758392408904091,0.28411441811712135
ALL,2023-02-12,77683,9484,2735,12883,4265,3685,305,30383,1,1,1,1,88,2023-02-12,74,12.208591326287605,3.5207188187891814,16.58406601186875,5.490261704620059,4.743637604109007,0.39262129423425973,0.0032913142217687527,0.0032913142217687527,0.0032913142217687527,0.0032913142217687527,0.28963565151565024
ALL,2023-02-13,81671,9620,2829,13297,4375,3765,361,32032,1,2,1,1,102,2023-02-13,75,11.778966830331452,3.463897833992482,16.281176917143174,5.356858615665291,4.609959471538245,0.4420173623440389,0.003121878121878122,0.006243756243756244,0.003121878121878122,0.003121878121878122,0.31843156843156845
ALL,2023-02-14,89911,11189,2997,14936,4243,3770,367,35803,1,1,1,1,120,2023-02-14,76,12.444528478161738,3.333296259634527,16.611982960928028,4.719111120997431,4.193035334942332,0.40818142385247635,0.002793062033907773,0.002793062033907773,0.002793062033907773,0.002793062033907773,0.3351674440689328
ALL,2023-02-15,82512,10413,2729,13806,4224,3843,417,32649,1,1,1,1,121,2023-02-15,77,12.61998254799302,3.307397711847974,16.73211169284468,5.119255381035486,4.657504363001745,0.5053810354857475,0.003062880945817636,0.003062880945817636,0.003062880945817636,0.003062880945817636,0.37060859444393396
ALL,2023-02-16,85174,10311,3110,13994,4073,3672,324,34567,1,1,1,1,114,2023-02-16,78,12.105806936389039,3.6513490032169442,16.42989644727264,4.781975720290229,4.311174771643929,0.380397773968582,0.0028929325657418925,0.0028929325657418925,0.0028929325657418925,0.0028929325657418925,0.32979431249457575
ALL,2023-02-17,83778,10302,3046,13913,3841,3408,383,33041,1,1,1,1,109,2023-02-17,79,12.296784358662178,3.635799374537468,16.606985127360403,4.58473584950703,4.067893719114803,0.4571605910859653,0.0030265427801821976,0.0030265427801821976,0.0030265427801821976,0.0030265427801821976,0.32989316303985955
ALL,2023-02-18,78127,9403,2864,12879,3753,3440,350,31273,1,1,1,1,122,2023-02-18,80,12.035531890383606,3.6658261548504356,16.484697991731412,4.803717024844164,4.403087280965607,0.4479885314935938,0.003197646532152336,0.003197646532152336,0.003197646532152336,0.003197646532152336,0.390112876922585
ALL,2023-02-19,73739,8342,2497,11391,3906,3534,329,29898,1,1,1,1,98,2023-02-19,81,11.312873784564477,3.3862677823132943,15.447727796688321,5.297061256594204,4.792579232156661,0.44616824204288097,0.0033447053314602983,0.0033447053314602983,0.0033447053314602983,0.0033447053314602983,0.32778112248310926
ALL,2023-02-20,83684,10993,2799,14365,4372,3996,380,32908,1,1,1,1,123,2023-02-20,82,13.136322355527938,3.344725395535586,17.165766454758376,5.224415658907318,4.7751063524688115,0.45408919267721426,0.0030387747660143433,0.0030387747660143433,0.0030387747660143433,0.0030387747660143433,0.3737692962197642
ALL,2023-02-21,84920,10615,2793,13975,4266,3876,327,34930,1,1,1,1,109,2023-02-21,83,12.5,3.2889778615167216,16.45666509656147,5.023551577955724,4.564295807819123,0.3850682995760716,0.00286286859433152,0.00286286859433152,0.00286286859433152,0.00286286859433152,0.3120526767821357
ALL,2023-02-22,86743,11042,2900,14551,4247,3896,347,33989,1,1,1,1,100,2023-02-22,84,12.729557428265103,3.343209250314146,16.774840621145223,4.8960723055462685,4.49142870318066,0.4000322792617272,0.0029421283356380005,0.0029421283356380005,0.0029421283356380005,0.0029421283356380005,0.29421283356380007
ALL,2023-02-23,90602,11689,2858,15077,4151,3723,321,35429,1,1,1,1,113,2023-02-23,85,12.90148120350544,3.154455751528664,16.640913004127945,4.581576565638728,4.10918081278559,0.35429681463985346,0.0028225465014536117,0.0028225465014536117,0.0028225465014536117,0.0028225465014536117,0.3189477546642581
ALL,2023-02-24,85771,10550,2779,13836,3890,3486,397,33859,1,2,1,1,113,2023-02-24,86,12.300194704503852,3.2400228515465597,16.13132643900619,4.535332455025591,4.064310781033216,0.46286040736379425,0.002953424495702767,0.005906848991405534,0.002953424495702767,0.002953424495702767,0.3337369680144127
ALL,2023-02-25,80294,9979,2573,13033,3691,3282,330,32161,1,1,1,1,114,2023-02-25,87,12.42807681769497,3.2044735596682195,16.231598874137546,4.596856552170772,4.087478516452038,0.4109896131715944,0.0031093560523615562,0.0031093560523615562,0.0031093560523615562,0.0031093560523615562,0.35446658996921737
ALL,2023-02-26,78869,9240,2579,12216,3915,3534,276,30906,1,1,1,1,80,2023-02-26,88,11.715629715097187,3.26997933281771,15.488975389570047,4.963927525390204,4.480847988436521,0.3499473811003056,0.0032356176794150005,0.0032356176794150005,0.0032356176794150005,0.0032356176794150005,0.2588494143532
ALL,2023-02-27,90989,11524,2702,14678,4233,3813,357,35392,1,1,1,1,113,2023-02-27,89,12.665267230104737,2.969589730626779,16.131620305751245,4.652210706788733,4.190616448142083,0.3923551198496521,0.002825497287522604,0.002825497287522604,0.002825497287522604,0.002825497287522604,0.31928119349005424
ALL,2023-02-28,88018,10235,2598,13098,4101,3729,303,35064,1,1,1,1,122,2023-02-28,90,11.6283033015974,2.9516689768002,14.881047058556204,4.659274239360131,4.236633415892204,0.34424776750210184,0.0028519279032626055,0.0028519279032626055,0.0028519279032626055,0.0028519279032626055,0.34793520419803786
ALL,2023-03-01,86743,10133,3343,14319,4065,3647,330,34048,1,1,1,1,106,2023-03-01,91,11.681634252908015,3.8539132840690313,16.50738388112009,4.686257104319657,4.204373839964032,0.38043415607023046,0.0029370300751879698,0.0029370300751879698,0.0029370300751879698,0.0029370300751879698,0.3113251879699248
ALL,2023-03-02,89286,10610,3456,15088,3748,3367,264,37660,1,2,1,1,107,2023-03-02,92,11.883161973881684,3.8707076137356364,16.89850592478104,4.197746567210985,3.7710279327106155,0.29567905382702775,0.0026553372278279343,0.0053106744556558685,0.0026553372278279343,0.0026553372278279343,0.28412108337758896
ALL,2023-03-03,81297,10524,2988,14458,3776,3362,286,31694,1,1,1,1,109,2023-03-03,93,12.94512712646223,3.6754123768404736,17.78417407776425,4.644697836328524,4.135453952790385,0.3517964992558151,0.0031551713258029914,0.0031551713258029914,0.0031551713258029914,0.0031551713258029914,0.343913674512526
ALL,2023-03-04,69835,8910,2328,11978,3543,3117,223,28141,1,1,1,1,77,2023-03-04,94,12.758645378391925,3.33357199112193,17.151857950884228,5.073387269993556,4.463377962339801,0.3193241211426935,0.00355353398955261,0.00355353398955261,0.00355353398955261,0.00355353398955261,0.27362211719555096
ALL,2023-03-05,69992,8389,2660,11966,3828,3430,294,27775,1,1,1,1,95,2023-03-05,95,11.985655503486113,3.8004343353526115,17.096239570236598,5.469196479597668,4.9005600640073155,0.4200480054863413,0.0036003600360036006,0.0036003600360036006,0.0036003600360036006,0.0036003600360036006,0.342034203420342
ALL,2023-03-06,82247,9684,3060,13716,4501,4041,386,32060,1,1,1,1,106,2023-03-06,96,11.7742896397437,3.7205004437851836,16.67659610684888,5.472540031855265,4.913249115469257,0.46931802983695453,0.0031191515907673115,0.0031191515907673115,0.0031191515907673115,0.0031191515907673115,0.330630068621335
ALL,2023-03-07,85050,10018,3244,14150,4161,3813,323,33256,1,2,1,1,112,2023-03-07,97,11.778953556731334,3.8142269253380365,16.637272192827748,4.8924162257495585,4.483245149911816,0.37977660199882424,0.0030069761847486168,0.0060139523694972335,0.0030069761847486168,0.0030069761847486168,0.33678133269184507
ALL,2023-03-08,86416,10712,3109,14940,4027,3591,349,33794,2,2,1,1,114,2023-03-08,98,12.395852619885206,3.5977133864099238,17.28846509905573,4.6600166635808185,4.155480466580263,0.40386039622292164,0.005918210333195242,0.005918210333195242,0.002959105166597621,0.002959105166597621,0.3373379889921288
ALL,2023-03-09,85940,11050,2990,14897,4004,3548,328,33486,1,1,1,1,110,2023-03-09,99,12.85780777286479,3.479171515010472,17.334186641843147,4.6590644635792415,4.128461717477309,0.38166162438910867,0.0029863226422982736,0.0029863226422982736,0.0029863226422982736,0.0029863226422982736,0.32849549065281014
ALL,2023-03-10,79895,9064,2834,12605,3705,3356,322,32038,1,1,1,1,89,2023-03-10,100,11.344890168345954,3.547155641779836,15.776957256399024,4.637336504161712,4.200513173540272,0.40302897553038364,0.003121293464011486,0.003121293464011486,0.003121293464011486,0.003121293464011486,0.2777951182970223
ALL,2023-03-11,73665,9078,2781,12442,3547,3189,264,29848,1,1,1,1,98,2023-03-11,101,12.323355732030135,3.7751985339034824,16.889974886309645,4.815041064277472,4.329057218489106,0.3583791488495215,0.003350308228357009,0.003350308228357009,0.003350308228357009,0.003350308228357009,0.3283302063789869
ALL,2023-03-12,77831,9251,2673,12522,3873,3493,314,31354,1,2,1,1,104,2023-03-12,102,11.886009430689572,3.4343641993550125,16.088705014711362,4.976166309054233,4.487928974316146,0.4034382187046293,0.0031893857243094977,0.006378771448618995,0.0031893857243094977,0.0031893857243094977,0.33169611532818777
ALL,2023-03-13,78946,9330,2736,12700,4335,3840,334,31428,1,1,1,1,100,2023-03-13,103,11.818204848884047,3.4656600714412384,16.086945507055457,5.491095178983103,4.864084310794721,0.4230739999493325,0.003181876034109711,0.003181876034109711,0.003181876034109711,0.003181876034109711,0.31818760341097113
ALL,2023-03-14,62444,7255,2115,9780,3401,3001,239,26547,1,1,1,1,82,2023-03-14,104,11.618410095445519,3.387034783165716,15.66203318173083,5.446480046121325,4.805906091858305,0.3827429376721543,0.0037669039816175085,0.0037669039816175085,0.0037669039816175085,0.0037669039816175085,0.3088861264926357
ALL,2023-03-15,88560,10754,3131,14619,4419,3995,404,33933,1,1,1,1,123,2023-03-15,105,12.143179765130984,3.5354561878952127,16.507452574525743,4.989837398373983,4.511065943992773,0.4561878952122855,0.0029469837621194706,0.0029469837621194706,0.0029469837621194706,0.0029469837621194706,0.3624790027406949
ALL,2023-03-16,81584,9476,2918,13028,3990,3516,312,32736,1,1,1,1,108,2023-03-16,106,11.615022553441852,3.576681702294567,15.968817415179448,4.890664836242401,4.309668562463228,0.3824279270445185,0.0030547409579667643,0.0030547409579667643,0.0030547409579667643,0.0030547409579667643,0.32991202346041054
ALL,2023-03-17,76854,8740,2583,11787,3678,3288,476,31128,1,1,1,1,96,2023-03-17,107,11.372212246597444,3.360918104457803,15.33687251151534,4.785697556405652,4.27824186119135,0.6193561818513025,0.00321254176304292,0.00321254176304292,0.00321254176304292,0.00321254176304292,0.30840400925212025
ALL,2023-03-18,68964,8209,2365,11072,3592,3096,396,27934,1,1,1,1,98,2023-03-18,108,11.903311872861202,3.4293254451597934,16.054753204570503,5.208514587320921,4.489298764572821,0.5742126326779189,0.0035798668289539633,0.0035798668289539633,0.0035798668289539633,0.0035798668289539633,0.35082694923748836
ALL,2023-03-19,72596,9245,2368,12224,3932,3521,345,28457,1,1,1,1,97,2023-03-19,109,12.734861424871893,3.2618877073116974,16.838393299906333,5.416276378863849,4.850129483718111,0.4752327951953276,0.0035140738658326594,0.0035140738658326594,0.0035140738658326594,0.0035140738658326594,0.340865164985768
ALL,2023-03-20,82715,9999,2680,13353,4540,4079,349,32545,1,2,1,1,112,2023-03-20,110,12.08849664510669,3.240041104999093,16.143383908601823,5.488726349513389,4.931390920631083,0.4219307259868222,0.0030726686126901215,0.006145337225380243,0.0030726686126901215,0.0030726686126901215,0.34413888462129355
ALL,2023-03-21,86669,11203,2862,14718,4244,3812,340,34615,1,1,1,1,110,2023-03-21,111,12.926190448718689,3.302218786417289,16.98185048864069,4.89679124023584,4.398343121531344,0.39229713046187215,0.002888920988010978,0.002888920988010978,0.002888920988010978,0.002888920988010978,0.3177813086812076
ALL,2023-03-22,86236,10399,2994,13908,4041,3681,334,34766,1,1,1,1,118,2023-03-22,112,12.05876895959924,3.4718678973978387,16.127835242822023,4.685978013822534,4.2685189480031545,0.38730924439909087,0.002876373468331128,0.002876373468331128,0.002876373468331128,0.002876373468331128,0.3394120692630731
ALL,2023-03-23,85479,10777,2790,14035,4183,3696,310,33807,1,1,1,1,109,2023-03-23,113,12.607775009066554,3.263959569016951,16.41923747353151,4.893599597561974,4.323869020461165,0.36266217433521686,0.002957967284881829,0.002957967284881829,0.002957967284881829,0.002957967284881829,0.3224184340521194
ALL,2023-03-24,86364,10459,2894,14038,3689,3315,319,34200,1,1,1,1,109,2023-03-24,114,12.11037006159974,3.3509332592283823,16.25445787596684,4.271455699133899,3.8384048909267747,0.36936686582372286,0.0029239766081871348,0.0029239766081871348,0.0029239766081871348,0.0029239766081871348,0.31871345029239767
ALL,2023-03-25,74454,8727,2522,11962,3716,3419,297,30784,1,3,1,1,110,2023-03-25,115,11.721331291804335,3.3873264028796304,16.066295967980228,4.991001155075617,4.592097133800737,0.39890402127488117,0.0032484407484407486,0.009745322245322246,0.0032484407484407486,0.0032484407484407486,0.35732848232848236
ALL,2023-03-26,71376,8468,2363,11303,3778,3390,259,29013,1,1,1,1,107,2023-03-26,116,11.863931853844429,3.310636628558619,15.835855189419412,5.293095718448778,4.7494956287827845,0.36286707016364045,0.0034467307758590977,0.0034467307758590977,0.0034467307758590977,0.0034467307758590977,0.36880019301692346
ALL,2023-03-27,82849,9593,3334,13443,4223,3772,358,32428,1,2,1,1,98,2023-03-27,117,11.578896546729592,4.024188584050502,16.225904959625343,5.097225072119157,4.5528612294656545,0.4321114316406957,0.0030837547798199085,0.006167509559639817,0.0030837547798199085,0.0030837547798199085,0.3022079684223511
ALL,2023-03-28,90255,9475,2902,12778,4381,3918,331,37752,1,1,1,1,131,2023-03-28,118,10.49803334995291,3.2153343305080053,14.15766439532436,4.854024707772423,4.341033737743062,0.3667386848374051,0.002648866285229922,0.002648866285229922,0.002648866285229922,0.002648866285229922,0.3470014833651197
ALL,2023-03-29,88855,9361,2865,12608,4091,3671,365,37833,1,1,1,1,122,2023-03-29,119,10.535141522705532,3.2243542850711835,14.189409712452871,4.604130324686287,4.13145011535648,0.4107816104889989,0.0026431950942299052,0.0026431950942299052,0.0026431950942299052,0.0026431950942299052,0.3224698014960484
ALL,2023-03-30,87588,9122,2732,12228,4012,3521,326,36579,1,1,1,1,119,2023-03-30,120,10.41466867607435,3.1191487418367814,13.960816550212357,4.5805361465040875,4.019957071744988,0.37219710462620453,0.002733809016102135,0.002733809016102135,0.002733809016102135,0.002733809016102135,0.32532327291615404
ALL,2023-03-31,79557,8844,2540,11649,3816,3386,303,33328,1,1,1,1,112,2023-03-31,121,11.116557939590482,3.192679462523725,14.642331912968059,4.796560956295486,4.2560679764194225,0.38085900674987744,0.00300048007681229,0.00300048007681229,0.00300048007681229,0.00300048007681229,0.3360537686029765
ALL,2023-04-01,33178,3993,1260,5832,1809,1084,124,15185,1,1,1,1,50,2023-04-01,122,12.035083489059014,3.7976972692748205,17.577913074929167,5.452408222315992,3.267225269757068,0.3737416360238712,0.00658544616397761,0.00658544616397761,0.00658544616397761,0.00658544616397761,0.3292723081988805
