subreddit,date_utc,rows_total,body_removed_count,body_deleted_count,author_deleted_count,automod_author_count,stickied_count,bot_name_heuristic_count,date,days_from_event,body_removed_rate_pct,body_deleted_rate_pct,author_deleted_rate_pct,automod_author_rate_pct,stickied_rate_pct,bot_name_heuristic_rate_pct
Ask_Politics,2022-11-16,50,5,0,5,8,8,0,2022-11-16,-14,10.0,0.0,10.0,16.0,16.0,0.0
Ask_Politics,2022-11-17,8,0,0,0,0,0,0,2022-11-17,-13,0.0,0.0,0.0,0.0,0.0,0.0
Ask_Politics,2022-11-18,17,1,3,4,3,3,0,2022-11-18,-12,5.88235294117647,17.647058823529413,23.52941176470588,17.647058823529413,17.647058823529413,0.0
Ask_Politics,2022-11-19,5,0,0,0,1,1,0,2022-11-19,-11,0.0,0.0,0.0,20.0,20.0,0.0
Ask_Politics,2022-11-20,10,1,0,1,3,3,0,2022-11-20,-10,10.0,0.0,10.0,30.0,30.0,0.0
Ask_Politics,2022-11-21,16,1,1,2,4,4,0,2022-11-21,-9,6.25,6.25,12.5,25.0,25.0,0.0
Ask_Politics,2022-11-22,7,1,0,1,0,0,0,2022-11-22,-8,14.285714285714285,0.0,14.285714285714285,0.0,0.0,0.0
Ask_Politics,2022-11-23,10,0,0,0,2,2,0,2022-11-23,-7,0.0,0.0,0.0,20.0,20.0,0.0
Ask_Politics,2022-11-24,10,1,1,2,4,4,0,2022-11-24,-6,10.0,10.0,20.0,40.0,40.0,0.0
Ask_Politics,2022-11-25,16,1,0,1,2,2,0,2022-11-25,-5,6.25,0.0,6.25,12.5,12.5,0.0
Ask_Politics,2022-11-26,4,1,0,1,1,1,0,2022-11-26,-4,25.0,0.0,25.0,25.0,25.0,0.0
Ask_Politics,2022-11-27,22,4,2,6,1,1,0,2022-11-27,-3,18.181818181818183,9.090909090909092,27.27272727272727,4.545454545454546,4.545454545454546,0.0
Ask_Politics,2022-11-28,8,0,0,0,2,2,0,2022-11-28,-2,0.0,0.0,0.0,25.0,25.0,0.0
Ask_Politics,2022-11-29,20,1,2,3,4,4,0,2022-11-29,-1,5.0,10.0,15.0,20.0,20.0,0.0
Ask_Politics,2022-11-30,18,1,0,1,3,3,0,2022-11-30,0,5.555555555555555,0.0,5.555555555555555,16.666666666666664,16.666666666666664,0.0
Ask_Politics,2022-12-01,5,0,0,0,0,0,0,2022-12-01,1,0.0,0.0,0.0,0.0,0.0,0.0
Ask_Politics,2022-12-02,10,0,0,0,4,4,0,2022-12-02,2,0.0,0.0,0.0,40.0,40.0,0.0
Ask_Politics,2022-12-03,11,0,0,0,3,3,0,2022-12-03,3,0.0,0.0,0.0,27.27272727272727,27.27272727272727,0.0
Ask_Politics,2022-12-04,22,0,1,1,3,3,0,2022-12-04,4,0.0,4.545454545454546,4.545454545454546,13.636363636363635,13.636363636363635,0.0
Ask_Politics,2022-12-05,42,0,0,0,4,4,0,2022-12-05,5,0.0,0.0,0.0,9.523809523809524,9.523809523809524,0.0
Ask_Politics,2022-12-06,22,2,0,2,4,4,0,2022-12-06,6,9.090909090909092,0.0,9.090909090909092,18.181818181818183,18.181818181818183,0.0
Ask_Politics,2022-12-07,11,1,0,1,4,4,0,2022-12-07,7,9.090909090909092,0.0,9.090909090909092,36.36363636363637,36.36363636363637,0.0
Ask_Politics,2022-12-08,25,1,0,2,9,9,0,2022-12-08,8,4.0,0.0,8.0,36.0,36.0,0.0
Ask_Politics,2022-12-09,9,2,0,2,3,3,0,2022-12-09,9,22.22222222222222,0.0,22.22222222222222,33.33333333333333,33.33333333333333,0.0
Ask_Politics,2022-12-10,3,1,0,1,1,1,0,2022-12-10,10,33.33333333333333,0.0,33.33333333333333,33.33333333333333,33.33333333333333,0.0
Ask_Politics,2022-12-11,7,1,0,1,3,3,0,2022-12-11,11,14.285714285714285,0.0,14.285714285714285,42.857142857142854,42.857142857142854,0.0
Ask_Politics,2022-12-12,10,0,1,1,2,2,0,2022-12-12,12,0.0,10.0,10.0,20.0,20.0,0.0
Ask_Politics,2022-12-13,23,0,0,0,7,7,1,2022-12-13,13,0.0,0.0,0.0,30.434782608695656,30.434782608695656,4.3478260869565215
Ask_Politics,2022-12-14,33,2,0,2,3,3,0,2022-12-14,14,6.0606060606060606,0.0,6.0606060606060606,9.090909090909092,9.090909090909092,0.0
NeutralPolitics,2022-11-16,35,10,1,11,4,4,0,2022-11-16,-14,28.57142857142857,2.857142857142857,31.428571428571427,11.428571428571429,11.428571428571429,0.0
NeutralPolitics,2022-11-17,21,6,2,8,2,0,4,2022-11-17,-13,28.57142857142857,9.523809523809524,38.095238095238095,9.523809523809524,0.0,19.047619047619047
NeutralPolitics,2022-11-19,4,1,0,1,1,1,0,2022-11-19,-11,25.0,0.0,25.0,25.0,25.0,0.0
NeutralPolitics,2022-11-20,1,0,0,0,0,0,0,2022-11-20,-10,0.0,0.0,0.0,0.0,0.0,0.0
NeutralPolitics,2022-11-21,6,2,0,2,0,2,0,2022-11-21,-9,33.33333333333333,0.0,33.33333333333333,0.0,33.33333333333333,0.0
NeutralPolitics,2022-11-22,1,0,0,0,0,0,0,2022-11-22,-8,0.0,0.0,0.0,0.0,0.0,0.0
NeutralPolitics,2022-11-23,2,1,0,1,0,1,0,2022-11-23,-7,50.0,0.0,50.0,0.0,50.0,0.0
NeutralPolitics,2022-11-25,2,1,0,1,0,1,0,2022-11-25,-5,50.0,0.0,50.0,0.0,50.0,0.0
NeutralPolitics,2022-11-26,2,1,0,1,0,1,0,2022-11-26,-4,50.0,0.0,50.0,0.0,50.0,0.0
NeutralPolitics,2022-11-27,6,1,0,1,0,1,0,2022-11-27,-3,16.666666666666664,0.0,16.666666666666664,0.0,16.666666666666664,0.0
NeutralPolitics,2022-11-29,115,18,11,29,2,2,7,2022-11-29,-1,15.65217391304348,9.565217391304348,25.217391304347824,1.7391304347826086,1.7391304347826086,6.086956521739131
NeutralPolitics,2022-11-30,21,6,1,7,0,2,0,2022-11-30,0,28.57142857142857,4.761904761904762,33.33333333333333,0.0,9.523809523809524,0.0
NeutralPolitics,2022-12-01,4,0,0,0,0,0,0,2022-12-01,1,0.0,0.0,0.0,0.0,0.0,0.0
NeutralPolitics,2022-12-02,31,6,1,7,1,2,2,2022-12-02,2,19.35483870967742,3.225806451612903,22.58064516129032,3.225806451612903,6.451612903225806,6.451612903225806
NeutralPolitics,2022-12-03,13,3,0,3,1,2,0,2022-12-03,3,23.076923076923077,0.0,23.076923076923077,7.6923076923076925,15.384615384615385,0.0
NeutralPolitics,2022-12-04,2,1,0,1,1,0,0,2022-12-04,4,50.0,0.0,50.0,50.0,0.0,0.0
NeutralPolitics,2022-12-05,2,1,0,1,0,1,0,2022-12-05,5,50.0,0.0,50.0,0.0,50.0,0.0
NeutralPolitics,2022-12-06,3,1,0,1,0,1,0,2022-12-06,6,33.33333333333333,0.0,33.33333333333333,0.0,33.33333333333333,0.0
NeutralPolitics,2022-12-07,2,1,0,1,0,1,0,2022-12-07,7,50.0,0.0,50.0,0.0,50.0,0.0
NeutralPolitics,2022-12-08,37,10,0,10,0,3,0,2022-12-08,8,27.027027027027028,0.0,27.027027027027028,0.0,8.108108108108109,0.0
NeutralPolitics,2022-12-09,20,2,1,3,0,1,0,2022-12-09,9,10.0,5.0,15.0,0.0,5.0,0.0
NeutralPolitics,2022-12-10,5,4,0,4,1,0,0,2022-12-10,10,80.0,0.0,80.0,20.0,0.0,0.0
NeutralPolitics,2022-12-11,21,4,0,4,0,5,0,2022-12-11,11,19.047619047619047,0.0,19.047619047619047,0.0,23.809523809523807,0.0
NeutralPolitics,2022-12-12,16,4,0,4,0,0,0,2022-12-12,12,25.0,0.0,25.0,0.0,0.0,0.0
NeutralPolitics,2022-12-13,5,1,0,1,1,1,0,2022-12-13,13,20.0,0.0,20.0,20.0,20.0,0.0
PoliticalDiscussion,2022-11-16,1829,205,39,248,55,33,1,2022-11-16,-14,11.208310552214325,2.1323127392017494,13.559322033898304,3.0071077091306724,1.8042646254784036,0.054674685620557675
PoliticalDiscussion,2022-11-17,2714,265,54,327,39,70,8,2022-11-17,-13,9.76418570375829,1.989683124539425,12.048636698599854,1.4369933677229183,2.5792188651436994,0.2947678703021371
PoliticalDiscussion,2022-11-18,1392,151,17,171,30,5,3,2022-11-18,-12,10.847701149425287,1.221264367816092,12.284482758620689,2.1551724137931036,0.35919540229885055,0.21551724137931033
PoliticalDiscussion,2022-11-19,869,95,14,110,35,32,1,2022-11-19,-11,10.93210586881473,1.611047180667434,12.658227848101266,4.027617951668585,3.6823935558112773,0.11507479861910241
PoliticalDiscussion,2022-11-20,1025,136,34,172,28,14,1,2022-11-20,-10,13.26829268292683,3.3170731707317076,16.78048780487805,2.731707317073171,1.3658536585365855,0.0975609756097561
PoliticalDiscussion,2022-11-21,648,81,8,90,29,9,0,2022-11-21,-9,12.5,1.2345679012345678,13.88888888888889,4.4753086419753085,1.3888888888888888,0.0
PoliticalDiscussion,2022-11-22,1143,106,14,142,35,5,2,2022-11-22,-8,9.273840769903762,1.2248468941382327,12.42344706911636,3.062117235345582,0.4374453193350831,0.17497812773403326
PoliticalDiscussion,2022-11-23,848,95,16,114,21,20,1,2022-11-23,-7,11.202830188679245,1.8867924528301887,13.443396226415095,2.4764150943396226,2.358490566037736,0.1179245283018868
PoliticalDiscussion,2022-11-24,623,70,20,90,28,6,4,2022-11-24,-6,11.235955056179774,3.210272873194221,14.446227929373997,4.49438202247191,0.9630818619582664,0.6420545746388443
PoliticalDiscussion,2022-11-25,377,32,11,43,24,5,0,2022-11-25,-5,8.488063660477453,2.9177718832891246,11.405835543766578,6.36604774535809,1.3262599469496021,0.0
PoliticalDiscussion,2022-11-26,349,29,5,34,25,8,2,2022-11-26,-4,8.30945558739255,1.4326647564469914,9.742120343839542,7.163323782234957,2.292263610315186,0.5730659025787965
PoliticalDiscussion,2022-11-27,444,27,7,39,25,5,3,2022-11-27,-3,6.081081081081082,1.5765765765765765,8.783783783783784,5.63063063063063,1.1261261261261262,0.6756756756756757
PoliticalDiscussion,2022-11-28,541,50,11,63,28,60,2,2022-11-28,-2,9.242144177449168,2.033271719038817,11.645101663585953,5.175600739371535,11.090573012939002,0.36968576709796674
PoliticalDiscussion,2022-11-29,1291,107,36,146,49,16,5,2022-11-29,-1,8.288148721920992,2.78853601859024,11.30906274206042,3.7955073586367156,1.2393493415956625,0.3872966692486445
PoliticalDiscussion,2022-11-30,1421,149,32,215,25,20,0,2022-11-30,0,10.48557353976073,2.251935256861365,15.130190007037298,1.7593244194229414,1.4074595355383532,0.0
PoliticalDiscussion,2022-12-01,1101,89,27,116,18,2,3,2022-12-01,1,8.083560399636694,2.452316076294278,10.535876475930973,1.6348773841961852,0.18165304268846502,0.2724795640326975
PoliticalDiscussion,2022-12-02,1190,135,41,179,38,6,0,2022-12-02,2,11.344537815126051,3.4453781512605044,15.042016806722689,3.1932773109243695,0.5042016806722689,0.0
PoliticalDiscussion,2022-12-03,780,91,15,110,31,56,0,2022-12-03,3,11.666666666666666,1.9230769230769231,14.102564102564102,3.974358974358974,7.179487179487179,0.0
PoliticalDiscussion,2022-12-04,615,57,10,70,37,9,0,2022-12-04,4,9.268292682926829,1.6260162601626018,11.38211382113821,6.016260162601626,1.4634146341463417,0.0
PoliticalDiscussion,2022-12-05,603,83,11,97,22,14,0,2022-12-05,5,13.764510779436154,1.8242122719734661,16.086235489220563,3.6484245439469323,2.321724709784411,0.0
PoliticalDiscussion,2022-12-06,651,89,15,105,24,2,1,2022-12-06,6,13.671274961597543,2.3041474654377883,16.129032258064516,3.686635944700461,0.30721966205837176,0.15360983102918588
PoliticalDiscussion,2022-12-07,961,129,24,156,38,29,0,2022-12-07,7,13.423517169614986,2.497398543184183,16.23309053069719,3.954214360041623,3.0176899063475546,0.0
PoliticalDiscussion,2022-12-08,1170,149,12,169,42,24,1,2022-12-08,8,12.735042735042734,1.0256410256410255,14.444444444444443,3.5897435897435894,2.051282051282051,0.08547008547008547
PoliticalDiscussion,2022-12-09,979,118,22,142,49,25,1,2022-12-09,9,12.053115423901941,2.247191011235955,14.504596527068436,5.005107252298264,2.5536261491317673,0.10214504596527069
PoliticalDiscussion,2022-12-10,556,66,17,95,22,14,3,2022-12-10,10,11.870503597122301,3.0575539568345325,17.086330935251798,3.9568345323741005,2.5179856115107913,0.539568345323741
PoliticalDiscussion,2022-12-11,395,37,9,48,21,12,2,2022-12-11,11,9.367088607594937,2.278481012658228,12.151898734177214,5.3164556962025316,3.0379746835443036,0.5063291139240507
PoliticalDiscussion,2022-12-12,750,81,8,120,30,18,2,2022-12-12,12,10.8,1.0666666666666667,16.0,4.0,2.4,0.26666666666666666
PoliticalDiscussion,2022-12-13,520,75,14,91,29,15,3,2022-12-13,13,14.423076923076922,2.6923076923076925,17.5,5.5769230769230775,2.8846153846153846,0.576923076923077
PoliticalDiscussion,2022-12-14,681,72,27,105,26,17,1,2022-12-14,14,10.572687224669604,3.9647577092511015,15.418502202643172,3.81791483113069,2.4963289280469896,0.14684287812041116
moderatepolitics,2022-11-16,2116,107,98,218,0,0,26,2022-11-16,-14,5.056710775047259,4.631379962192817,10.302457466918714,0.0,0.0,1.2287334593572778
moderatepolitics,2022-11-17,1635,64,123,190,0,0,12,2022-11-17,-13,3.914373088685015,7.522935779816514,11.62079510703364,0.0,0.0,0.7339449541284404
moderatepolitics,2022-11-18,1998,152,140,299,0,1,43,2022-11-18,-12,7.6076076076076085,7.007007007007007,14.964964964964967,0.0,0.050050050050050046,2.1521521521521523
moderatepolitics,2022-11-19,754,50,39,93,0,0,16,2022-11-19,-11,6.631299734748011,5.172413793103448,12.3342175066313,0.0,0.0,2.122015915119363
moderatepolitics,2022-11-20,1100,80,103,185,1,1,33,2022-11-20,-10,7.2727272727272725,9.363636363636365,16.818181818181817,0.09090909090909091,0.09090909090909091,3.0
moderatepolitics,2022-11-21,2196,134,106,244,1,1,40,2022-11-21,-9,6.10200364298725,4.82695810564663,11.11111111111111,0.04553734061930783,0.04553734061930783,1.8214936247723135
moderatepolitics,2022-11-22,1450,86,87,175,0,1,24,2022-11-22,-8,5.931034482758621,6.0,12.068965517241379,0.0,0.06896551724137931,1.6551724137931034
moderatepolitics,2022-11-23,2909,184,170,369,0,4,64,2022-11-23,-7,6.325197662426952,5.8439326228944655,12.684771399106223,0.0,0.13750429700928155,2.2000687521485047
moderatepolitics,2022-11-24,590,57,18,76,0,0,24,2022-11-24,-6,9.661016949152543,3.050847457627119,12.88135593220339,0.0,0.0,4.067796610169491
moderatepolitics,2022-11-25,1288,86,84,170,0,1,15,2022-11-25,-5,6.6770186335403725,6.521739130434782,13.198757763975156,0.0,0.07763975155279502,1.1645962732919255
moderatepolitics,2022-11-26,599,48,39,87,0,0,21,2022-11-26,-4,8.013355592654424,6.51085141903172,14.524207011686144,0.0,0.0,3.5058430717863103
moderatepolitics,2022-11-27,630,68,37,105,0,1,25,2022-11-27,-3,10.793650793650794,5.873015873015873,16.666666666666664,0.0,0.15873015873015872,3.968253968253968
moderatepolitics,2022-11-28,854,79,53,132,0,2,45,2022-11-28,-2,9.250585480093678,6.206088992974239,15.456674473067917,0.0,0.234192037470726,5.269320843091335
moderatepolitics,2022-11-29,1567,81,193,283,0,0,20,2022-11-29,-1,5.169112954690491,12.316528398213146,18.059987236758136,0.0,0.0,1.2763241863433312
moderatepolitics,2022-11-30,1509,96,49,145,0,4,32,2022-11-30,0,6.36182902584493,3.2471835652750163,9.609012591119948,0.0,0.26507620941020543,2.1206096752816435
moderatepolitics,2022-12-01,1671,80,78,158,0,2,29,2022-12-01,1,4.78755236385398,4.66786355475763,9.45541591861161,0.0,0.11968880909634949,1.7354877318970678
moderatepolitics,2022-12-02,1500,66,63,139,0,1,19,2022-12-02,2,4.3999999999999995,4.2,9.266666666666666,0.0,0.06666666666666667,1.2666666666666666
moderatepolitics,2022-12-03,1871,100,114,229,0,1,34,2022-12-03,3,5.344735435595938,6.09299839657937,12.239444147514698,0.0,0.053447354355959376,1.8172100481026188
moderatepolitics,2022-12-04,1562,119,89,242,0,4,46,2022-12-04,4,7.618437900128041,5.697823303457106,15.492957746478872,0.0,0.2560819462227913,2.9449423815621
moderatepolitics,2022-12-05,2921,140,219,474,0,3,37,2022-12-05,5,4.792879150975693,7.49743238616912,16.22731941116056,0.0,0.10270455323519344,1.266689489900719
moderatepolitics,2022-12-06,1319,101,88,209,0,0,63,2022-12-06,6,7.657316148597422,6.671721000758151,15.845337376800606,0.0,0.0,4.776345716451857
moderatepolitics,2022-12-07,1188,93,56,159,0,2,28,2022-12-07,7,7.828282828282829,4.713804713804714,13.383838383838384,0.0,0.16835016835016833,2.356902356902357
moderatepolitics,2022-12-08,1550,86,87,176,0,1,7,2022-12-08,8,5.548387096774193,5.612903225806452,11.35483870967742,0.0,0.06451612903225806,0.4516129032258065
moderatepolitics,2022-12-09,2149,134,161,314,1,4,38,2022-12-09,9,6.235458352722197,7.491856677524431,14.611447184737086,0.04653327128897162,0.18613308515588647,1.7682643089809214
moderatepolitics,2022-12-10,927,93,31,142,0,0,57,2022-12-10,10,10.032362459546926,3.344120819848975,15.318230852211434,0.0,0.0,6.148867313915858
moderatepolitics,2022-12-11,1032,45,72,123,0,0,12,2022-12-11,11,4.3604651162790695,6.976744186046512,11.918604651162791,0.0,0.0,1.1627906976744187
moderatepolitics,2022-12-12,1732,111,85,209,0,4,37,2022-12-12,12,6.408775981524249,4.907621247113164,12.066974595842957,0.0,0.23094688221709006,2.136258660508083
moderatepolitics,2022-12-13,1599,67,83,162,3,4,9,2022-12-13,13,4.1901188242651655,5.190744215134459,10.131332082551594,0.18761726078799248,0.2501563477173233,0.5628517823639775
moderatepolitics,2022-12-14,1854,112,104,223,9,9,42,2022-12-14,14,6.0409924487594395,5.609492988133765,12.02804746494067,0.48543689320388345,0.48543689320388345,2.26537216828479
politics,2022-11-16,55120,4069,2132,6584,522,402,357,2022-11-16,-14,7.382075471698113,3.8679245283018866,11.944847605224963,0.9470246734397678,0.7293178519593614,0.647677793904209
politics,2022-11-17,48060,3320,1882,5630,372,300,200,2022-11-17,-13,6.90803162713275,3.9159384103204324,11.714523512276322,0.7740324594257179,0.6242197253433208,0.41614648356221395
politics,2022-11-18,37021,3063,1322,4676,347,268,174,2022-11-18,-12,8.273682504524459,3.570946219713136,12.630669079711515,0.9373058534345372,0.7239134545258097,0.47000351152048836
politics,2022-11-19,26435,2413,930,3508,237,167,105,2022-11-19,-11,9.128049933799886,3.518063173822584,13.270285606203897,0.896538679780594,0.6317382258369586,0.397200680915453
politics,2022-11-20,27277,2864,1004,4054,269,206,208,2022-11-20,-10,10.499688382153463,3.6807566814532393,14.862338233676725,0.9861788319829893,0.7552150163141108,0.7625472009385196
politics,2022-11-21,31583,3344,1121,4799,274,204,128,2022-11-21,-9,10.587974543266949,3.5493778298451697,15.194883323306843,0.8675553303992655,0.6459171073045625,0.40528132223031377
politics,2022-11-22,27015,2503,924,3662,274,218,138,2022-11-22,-8,9.265223024245788,3.4203220433092727,13.555432167314455,1.014251341847122,0.8069590967980751,0.5108273181565797
politics,2022-11-23,27344,2424,979,3630,284,225,129,2022-11-23,-7,8.864833235810416,3.5803101228788763,13.27530719719134,1.0386190754827385,0.8228496196606202,0.4717671152720889
politics,2022-11-24,20571,1864,703,2677,186,145,99,2022-11-24,-6,9.061299888192115,3.4174323076175197,13.01346555831024,0.9041855038646638,0.7048757960235283,0.48126002625054687
politics,2022-11-25,29041,2516,1018,3797,150,113,115,2022-11-25,-5,8.663613511931407,3.505388932887986,13.074618642608726,0.5165111394235736,0.38910505836575876,0.3959918735580731
politics,2022-11-26,23379,2101,868,3159,136,107,68,2022-11-26,-4,8.986697463535652,3.712733649856709,13.512126267162838,0.5817186363830789,0.45767569186021645,0.29085931819153943
politics,2022-11-27,19489,1781,728,2615,149,113,101,2022-11-27,-3,9.138488378059419,3.7354405049002004,13.41782543999179,0.7645338396018266,0.5798142541946739,0.5182410590589563
politics,2022-11-28,21893,1964,761,2850,225,183,95,2022-11-28,-2,8.970903941899238,3.475996893984379,13.01785958982323,1.0277257570913076,0.835883615767597,0.43392865299410777
politics,2022-11-29,26389,2054,908,3123,336,277,145,2022-11-29,-1,7.7835461745424235,3.4408276175679258,11.834476486414793,1.2732577968092766,1.0496797908219333,0.5494713706468604
politics,2022-11-30,30990,2393,1134,3701,336,261,142,2022-11-30,0,7.721845756695708,3.6592449177153923,11.942562116811875,1.084220716360116,0.8422071636011617,0.4582123265569538
politics,2022-12-01,26135,2039,834,2965,313,259,137,2022-12-01,1,7.801798354696767,3.191123015113832,11.344939735986227,1.1976277023149033,0.991008226516166,0.5242012626745742
politics,2022-12-02,26653,2034,997,3284,292,229,116,2022-12-02,2,7.6314110981878205,3.7406670918845903,12.321314673770308,1.0955614752560687,0.8591903350467115,0.43522305181405474
politics,2022-12-03,21242,1884,836,2974,209,154,118,2022-12-03,3,8.869221353921477,3.9355992844364938,14.000564918557576,0.9838998211091234,0.7249788155540909,0.555503248281706
politics,2022-12-04,25348,2144,930,3347,165,119,101,2022-12-04,4,8.458261006785545,3.668928515070222,13.204197569827993,0.650938930093104,0.46946504655199617,0.39845352690547575
politics,2022-12-05,34538,3212,1370,5034,203,167,131,2022-12-05,5,9.299901557704557,3.966645434014708,14.575250448781052,0.587758411025537,0.483525392321501,0.3792923736174648
politics,2022-12-06,32209,2881,1175,4462,282,234,156,2022-12-06,6,8.944704896147039,3.6480486820453915,13.85327082492471,0.8755316836908938,0.7265050141264864,0.48433667608432424
politics,2022-12-07,40581,2871,1652,4928,385,291,330,2022-12-07,7,7.0747394100687515,4.0708706044700715,12.143614006554792,0.9487198442620932,0.7170843498188808,0.8131884379389369
politics,2022-12-08,30618,2822,1279,4427,318,250,123,2022-12-08,8,9.216800574825266,4.177281337775165,14.458815076099027,1.0386047423084461,0.8165131621921746,0.40172447579854986
politics,2022-12-09,33721,3019,1203,4620,253,205,172,2022-12-09,9,8.952878028528218,3.567509860324427,13.700661308976603,0.7502743097772901,0.6079297766970138,0.5100679102043237
politics,2022-12-10,21777,1742,822,2871,154,121,74,2022-12-10,10,7.999265279882445,3.7746246039399365,13.183634109381456,0.7071681131468981,0.5556320889011342,0.33980805436928874
politics,2022-12-11,20027,1830,717,2767,153,116,85,2022-12-11,11,9.13766415339292,3.580166774853947,13.816347930294103,0.7639686423328507,0.5792180556249064,0.42442702351825035
politics,2022-12-12,21077,1878,742,2790,225,187,139,2022-12-12,12,8.910186459173506,3.5204251079375624,13.237177966503772,1.0675143521374009,0.8872230393319733,0.6594866442093278
politics,2022-12-13,23878,2086,811,3076,287,214,135,2022-12-13,13,8.736075048161487,3.396431861964989,12.882150933914064,1.2019432113242314,0.8962224641929809,0.5653739844208058
politics,2022-12-14,20724,1839,756,2771,246,192,130,2022-12-14,14,8.873769542559351,3.6479444122756224,13.370970855047288,1.1870295309785757,0.9264620729588882,0.6272920285659139
