topic_family,date_utc,rows_total,body_removed_count,body_deleted_count,author_deleted_count,automod_author_count,stickied_count,bot_name_heuristic_count,date,days_from_event,body_removed_rate_pct,body_deleted_rate_pct,author_deleted_rate_pct,automod_author_rate_pct,stickied_rate_pct,bot_name_heuristic_rate_pct
economics_news,2022-11-01,8752,966,383,1391,58,44,94,2022-11-01,-29,11.03747714808044,4.376142595978062,15.893510054844606,0.6627056672760512,0.5027422303473492,1.0740402193784278
economics_news,2022-11-02,9511,1237,457,1798,73,72,137,2022-11-02,-28,13.005993060666595,4.804962674797602,18.904426453580065,0.767532330985175,0.7570181894648302,1.4404373882872463
economics_news,2022-11-03,6523,395,353,820,61,31,55,2022-11-03,-27,6.0554959374520925,5.411620420052123,12.570902958761307,0.935152537176146,0.47524145331902495,0.8431703204047217
economics_news,2022-11-04,6881,480,329,904,65,37,67,2022-11-04,-26,6.975730271762826,4.781281790437437,13.13762534515332,0.9446301409678827,0.5377125417817178,0.9736956837668943
economics_news,2022-11-05,7118,1008,295,1377,60,87,56,2022-11-05,-25,14.161281258780555,4.144422590615341,19.345321719584152,0.8429334082607475,1.2222534419780837,0.7867378477100309
economics_news,2022-11-06,5542,640,302,1055,59,69,56,2022-11-06,-24,11.54817755322988,5.44929628293035,19.03644893540238,1.0645976181883796,1.2450378924575967,1.0104655359076147
economics_news,2022-11-07,8546,707,375,1123,75,82,72,2022-11-07,-23,8.272876199391527,4.388017786098759,13.14065059677042,0.877603557219752,0.9595132225602621,0.8424994149309618
economics_news,2022-11-08,9721,809,489,1352,109,90,55,2022-11-08,-22,8.322189075198025,5.030346672153071,13.908034152864932,1.1212838185371876,0.9258306758563933,0.5657854130233515
economics_news,2022-11-09,13195,1744,585,2440,138,94,94,2022-11-09,-21,13.217127699886323,4.433497536945813,18.491852974611593,1.0458507010231148,0.7123910572186434,0.7123910572186434
economics_news,2022-11-10,7853,649,317,1006,102,80,59,2022-11-10,-20,8.264357570355278,4.036673882592639,12.810390933401248,1.2988666751559912,1.0187189609066598,0.7513052336686616
economics_news,2022-11-11,9552,816,486,1359,80,102,66,2022-11-11,-19,8.542713567839195,5.0879396984924625,14.227386934673367,0.8375209380234505,1.0678391959798994,0.6909547738693468
economics_news,2022-11-12,7192,936,312,1309,79,69,35,2022-11-12,-18,13.014460511679642,4.338153503893214,18.200778642936598,1.0984427141268076,0.9593993325917686,0.4866518353726363
economics_news,2022-11-13,7082,553,287,876,73,52,39,2022-11-13,-17,7.808528664219147,4.052527534594748,12.369387178763061,1.0307822648969218,0.7342558599265745,0.5506918949449308
economics_news,2022-11-14,7451,665,337,1035,73,88,63,2022-11-14,-16,8.924976513219702,4.522882834518857,13.890752919071266,0.9797342638572003,1.1810495235538854,0.8455240907260771
economics_news,2022-11-15,6963,476,311,871,74,46,49,2022-11-15,-15,6.836133850351859,4.466465603906363,12.508976016085022,1.0627603044664657,0.6606347838575327,0.7037196610656327
economics_news,2022-11-16,8494,655,359,1053,81,74,48,2022-11-16,-14,7.711325641629385,4.226512832587709,12.39698610784083,0.9536143159877561,0.871203202260419,0.5651047798445962
economics_news,2022-11-17,9613,652,465,1148,62,126,51,2022-11-17,-13,6.782482055549776,4.837199625507125,11.942161656090711,0.6449599500676167,1.3107250598148341,0.5305315718298138
economics_news,2022-11-18,8449,759,422,1222,44,32,71,2022-11-18,-12,8.98331163451296,4.994673925908391,14.463250088767902,0.5207716889572731,0.3787430465143804,0.8403361344537815
economics_news,2022-11-19,5096,412,207,640,53,70,30,2022-11-19,-11,8.084772370486656,4.062009419152276,12.558869701726843,1.0400313971742543,1.3736263736263736,0.5886970172684459
economics_news,2022-11-20,5867,580,291,894,41,40,54,2022-11-20,-10,9.885801943071417,4.9599454576444515,15.237770581216974,0.6988239304584967,0.6817794443497529,0.9204022498721663
economics_news,2022-11-21,7473,515,327,883,46,46,67,2022-11-21,-9,6.89147598019537,4.375752709755119,11.815870467014586,0.615549310852402,0.615549310852402,0.8965609527632812
economics_news,2022-11-22,6501,393,283,719,49,37,46,2022-11-22,-8,6.045223811721274,4.353176434394709,11.059836948161822,0.7537301953545609,0.5691432087371173,0.7075834487002
economics_news,2022-11-23,7462,473,352,859,30,58,82,2022-11-23,-7,6.338783168051461,4.7172339855266685,11.511659072634682,0.40203698740284105,0.777271508978826,1.098901098901099
economics_news,2022-11-24,4140,259,153,424,37,33,45,2022-11-24,-6,6.256038647342995,3.6956521739130435,10.241545893719808,0.8937198067632851,0.7971014492753623,1.0869565217391304
economics_news,2022-11-25,4572,346,239,592,41,31,26,2022-11-25,-5,7.5678040244969385,5.227471566054243,12.948381452318461,0.8967629046369203,0.6780402449693788,0.5686789151356081
economics_news,2022-11-26,4056,226,173,406,37,23,35,2022-11-26,-4,5.571992110453649,4.265285996055227,10.009861932938856,0.9122287968441815,0.5670611439842209,0.8629191321499015
economics_news,2022-11-27,4532,368,190,617,32,32,40,2022-11-27,-3,8.120035304501325,4.192409532215358,13.614298323036186,0.706090026478376,0.706090026478376,0.8826125330979699
economics_news,2022-11-28,4751,312,225,548,47,83,71,2022-11-28,-2,6.567038518206693,4.735845085245211,11.534413807619448,0.9892654178067775,1.7470006314460114,1.4944222268996001
economics_news,2022-11-29,6862,529,391,952,62,41,49,2022-11-29,-1,7.709122704750801,5.69804721655494,13.873506266394637,0.9035266686097347,0.5974934421451472,0.714077528417371
economics_news,2022-11-30,6600,425,263,725,36,56,48,2022-11-30,0,6.4393939393939394,3.984848484848485,10.984848484848484,0.5454545454545455,0.8484848484848486,0.7272727272727273
economics_news,2022-12-01,6200,303,212,519,30,36,53,2022-12-01,1,4.887096774193549,3.4193548387096775,8.370967741935484,0.4838709677419355,0.5806451612903226,0.8548387096774194
economics_news,2022-12-02,6547,334,274,632,55,43,33,2022-12-02,2,5.101573239651748,4.185122957079578,9.653276309760196,0.8400794256911562,0.6567893691767221,0.5040476554146938
economics_news,2022-12-03,6123,525,327,895,43,80,43,2022-12-03,3,8.57422831945125,5.340519353258206,14.617017801731178,0.7022701290217214,1.3065490772497141,0.7022701290217214
economics_news,2022-12-04,6035,396,305,773,47,37,72,2022-12-04,4,6.56172328086164,5.0538525269262635,12.808616404308202,0.7787903893951947,0.6130903065451533,1.1930405965202984
economics_news,2022-12-05,7723,419,467,1015,41,62,54,2022-12-05,5,5.425352842159782,6.0468729768224785,13.142561180888258,0.5308817816910527,0.8027968406059821,0.6992101514955328
economics_news,2022-12-06,6285,448,295,797,41,36,77,2022-12-06,6,7.128082736674622,4.6937151949085125,12.680986475735878,0.6523468575974543,0.5727923627684964,1.2251392203659508
economics_news,2022-12-07,6521,428,230,705,50,58,49,2022-12-07,7,6.563410519858917,3.5270664008587636,10.811225272197515,0.7667535654040791,0.8894341358687318,0.7514184940959976
economics_news,2022-12-08,6504,416,292,734,60,55,25,2022-12-08,8,6.396063960639606,4.4895448954489545,11.285362853628536,0.9225092250922509,0.8456334563345633,0.3843788437884379
economics_news,2022-12-09,6703,475,373,906,62,56,52,2022-12-09,9,7.086379233179175,5.564672534685962,13.516335968969118,0.9249589735939132,0.8354468148590184,0.7757720423690885
economics_news,2022-12-10,4843,345,184,595,29,33,82,2022-12-10,10,7.123683667148462,3.7992979558125124,12.285773281024158,0.5988023952095809,0.681395829031592,1.6931653933512285
economics_news,2022-12-11,6903,1586,320,1946,108,44,33,2022-12-11,11,22.975517890772128,4.635665652614805,28.190641749963785,1.564537157757497,0.6374040272345357,0.47805302042590175
economics_news,2022-12-12,4242,273,203,536,54,32,42,2022-12-12,12,6.435643564356436,4.785478547854786,12.635549269212634,1.272984441301273,0.7543611504007544,0.9900990099009901
economics_news,2023-01-01,89,3,5,8,2,1,1,2023-01-01,32,3.3707865168539324,5.617977528089887,8.98876404494382,2.247191011235955,1.1235955056179776,1.1235955056179776
economics_news,2023-02-01,48,1,2,3,0,0,0,2023-02-01,63,2.083333333333333,4.166666666666666,6.25,0.0,0.0,0.0
economics_news,2023-03-01,24,0,1,1,0,0,0,2023-03-01,91,0.0,4.166666666666666,4.166666666666666,0.0,0.0,0.0
economics_news,2023-04-01,41,1,1,4,1,1,0,2023-04-01,122,2.4390243902439024,2.4390243902439024,9.75609756097561,2.4390243902439024,2.4390243902439024,0.0
lifestyle,2022-11-01,9651,86,221,393,72,57,74,2022-11-01,-29,0.891099367941146,2.289918143197596,4.072116879079888,0.7460366801367734,0.5906123717749456,0.7667599212516837
lifestyle,2022-11-02,9358,87,277,475,67,51,75,2022-11-02,-28,0.9296858303056208,2.9600341953408846,5.07587091258816,0.7159649497755931,0.5449882453515709,0.8014533019876042
lifestyle,2022-11-03,9182,59,251,422,80,61,49,2022-11-03,-27,0.6425615334349816,2.733609235460684,4.595948595077325,0.8712698758440427,0.6643432803310825,0.5336527989544761
lifestyle,2022-11-04,9405,83,279,449,70,41,69,2022-11-04,-26,0.8825093035619352,2.9665071770334928,4.774056353003721,0.7442849548112705,0.4359383306751728,0.733652312599681
lifestyle,2022-11-05,9620,62,302,476,75,48,79,2022-11-05,-25,0.6444906444906445,3.1392931392931396,4.9480249480249485,0.7796257796257797,0.498960498960499,0.8212058212058213
lifestyle,2022-11-06,9630,84,240,413,77,60,50,2022-11-06,-24,0.8722741433021807,2.4922118380062304,4.288681204569055,0.7995846313603323,0.6230529595015576,0.5192107995846313
lifestyle,2022-11-07,8736,80,236,411,86,46,61,2022-11-07,-23,0.9157509157509158,2.7014652014652016,4.704670329670329,0.9844322344322344,0.5265567765567766,0.6982600732600733
lifestyle,2022-11-08,9386,90,220,421,72,44,63,2022-11-08,-22,0.9588749200937565,2.343916471340294,4.485403792883017,0.7670999360750054,0.4687832942680588,0.6712124440656297
lifestyle,2022-11-09,10285,87,224,423,70,67,76,2022-11-09,-21,0.8458920758385999,2.177929022848809,4.112785610111813,0.6806028196402528,0.6514341273699563,0.7389402041808459
lifestyle,2022-11-10,8959,73,226,396,67,42,36,2022-11-10,-20,0.814823082933363,2.5226029690813707,4.42013617591249,0.7478513226922647,0.46880232168768843,0.40183056144658996
lifestyle,2022-11-11,9938,82,272,410,62,45,116,2022-11-11,-19,0.8251157174481787,2.7369692090963977,4.125578587240893,0.6238679814852083,0.45280740591668345,1.1672368685852283
lifestyle,2022-11-12,10216,73,254,420,65,44,76,2022-11-12,-18,0.7145653876272514,2.486296006264683,4.111198120595145,0.6362568519968677,0.4306969459671104,0.7439310884886452
lifestyle,2022-11-13,9345,64,266,400,77,36,49,2022-11-13,-17,0.6848582129481006,2.846441947565543,4.280363830925628,0.8239700374531835,0.3852327447833066,0.5243445692883896
lifestyle,2022-11-14,9390,177,229,496,79,48,84,2022-11-14,-16,1.8849840255591055,2.4387646432374868,5.2822151224707135,0.8413205537806177,0.5111821086261981,0.8945686900958467
lifestyle,2022-11-15,8849,124,307,503,61,41,63,2022-11-15,-15,1.4012882811617131,3.4693185670697257,5.684258108260821,0.6893434286360041,0.46332918973895354,0.711944852525709
lifestyle,2022-11-16,9276,484,253,778,67,47,79,2022-11-16,-14,5.217766278568348,2.727468736524364,8.387235877533419,0.7222940922811557,0.5066839154808107,0.8516601983613626
lifestyle,2022-11-17,9059,132,230,421,58,58,47,2022-11-17,-13,1.457114471796004,2.5389115796445525,4.647312065349377,0.6402472679103653,0.6402472679103653,0.518821061927365
lifestyle,2022-11-18,9768,123,237,424,67,53,82,2022-11-18,-12,1.2592137592137593,2.4262899262899262,4.340704340704341,0.685913185913186,0.5425880425880426,0.8394758394758395
lifestyle,2022-11-19,8272,64,213,315,59,34,54,2022-11-19,-11,0.7736943907156674,2.57495164410058,3.8080270793036752,0.7132495164410058,0.4110251450676982,0.6528046421663443
lifestyle,2022-11-20,8292,53,226,324,63,55,43,2022-11-20,-10,0.6391702846116739,2.725518572117704,3.907380607814761,0.759768451519537,0.6632899179932465,0.5185721177038108
lifestyle,2022-11-21,8474,67,188,298,74,53,52,2022-11-21,-9,0.7906537644559831,2.218550861458579,3.516639131460939,0.8732593816379515,0.6254425300920462,0.6136417276374794
lifestyle,2022-11-22,9179,55,231,348,87,45,52,2022-11-22,-8,0.5991938119620873,2.516614010240767,3.7912626647782983,0.9478156661945746,0.4902494825144352,0.5665105131277917
lifestyle,2022-11-23,9362,67,251,368,62,56,67,2022-11-23,-7,0.7156590472121342,2.6810510574663535,3.9307840205084386,0.6622516556291391,0.598162785729545,0.7156590472121342
lifestyle,2022-11-24,9651,103,254,400,77,46,47,2022-11-24,-6,1.0672469174178842,2.631851621593617,4.144648222982075,0.7978447829240494,0.47663454564293856,0.48699616620039377
lifestyle,2022-11-25,8458,80,215,329,62,47,80,2022-11-25,-5,0.9458500827618822,2.5419720974225584,3.889808465358241,0.7330338141404588,0.5556869236226059,0.9458500827618822
lifestyle,2022-11-26,8160,38,192,250,59,27,70,2022-11-26,-4,0.46568627450980393,2.3529411764705883,3.063725490196078,0.7230392156862745,0.33088235294117646,0.857843137254902
lifestyle,2022-11-27,8575,57,231,314,68,45,58,2022-11-27,-3,0.6647230320699709,2.693877551020408,3.6618075801749272,0.7930029154518949,0.5247813411078718,0.6763848396501457
lifestyle,2022-11-28,9234,98,230,396,68,50,96,2022-11-28,-2,1.061295213341997,2.4907948884557074,4.28849902534113,0.7364089235434265,0.5414771496642842,1.0396361273554255
lifestyle,2022-11-29,10554,64,281,386,72,49,60,2022-11-29,-1,0.6064051544438127,2.6624976312298654,3.6573810877392456,0.6822057987492893,0.4642789463710441,0.5685048322910745
lifestyle,2022-11-30,11279,106,305,456,77,50,119,2022-11-30,0,0.9397996276265628,2.7041404379820904,4.042911605638798,0.6826846351626917,0.44330171114460504,1.05505807252416
lifestyle,2022-12-01,9666,57,288,373,65,62,70,2022-12-01,1,0.5896958410924891,2.97951582867784,3.858886819780675,0.6724601696668736,0.6414235464514794,0.7241878750258638
lifestyle,2022-12-02,10525,66,288,415,58,37,101,2022-12-02,2,0.6270783847980997,2.736342042755344,3.9429928741092635,0.5510688836104514,0.3515439429928741,0.9596199524940616
lifestyle,2022-12-03,9604,63,247,361,70,37,67,2022-12-03,3,0.6559766763848397,2.571845064556435,3.758850478967097,0.7288629737609329,0.385256143273636,0.6976259891711787
lifestyle,2022-12-04,10315,77,299,431,75,54,70,2022-12-04,4,0.746485700436258,2.898691226369365,4.178380998545807,0.7270964614638876,0.523509452253999,0.6786233640329618
lifestyle,2022-12-05,10057,86,285,432,77,70,91,2022-12-05,5,0.8551257830366908,2.833847071691359,4.295515561300586,0.7656358755095953,0.696032614099632,0.9048423983295217
lifestyle,2022-12-06,9083,70,273,409,48,57,69,2022-12-06,6,0.7706704833204888,3.0056148849499063,4.502917538258284,0.5284597599911923,0.6275459649895408,0.759660904987339
lifestyle,2022-12-07,9000,65,198,336,71,59,117,2022-12-07,7,0.7222222222222222,2.1999999999999997,3.733333333333334,0.788888888888889,0.6555555555555556,1.3
lifestyle,2022-12-08,10463,76,210,347,60,37,100,2022-12-08,8,0.72636911019784,2.0070725413361368,3.3164484373506644,0.5734492975246105,0.35362706680684314,0.9557488292076843
lifestyle,2022-12-09,9648,51,221,358,75,60,99,2022-12-09,9,0.5286069651741294,2.290630182421227,3.7106135986732998,0.777363184079602,0.6218905472636816,1.0261194029850746
lifestyle,2022-12-10,8538,94,263,387,69,39,48,2022-12-10,10,1.1009604122745373,3.0803466854064183,4.5326774420238936,0.8081517919887562,0.4567814476458187,0.5621925509486999
lifestyle,2022-12-11,9551,99,243,401,78,42,61,2022-12-11,11,1.0365406763689666,2.544236205632918,4.19851324468642,0.8166684116846403,0.43974452936865244,0.6386765783687572
lifestyle,2022-12-12,7500,46,217,305,59,51,69,2022-12-12,12,0.6133333333333334,2.893333333333333,4.066666666666666,0.7866666666666666,0.6799999999999999,0.9199999999999999
lifestyle,2023-01-01,203,4,9,13,1,1,0,2023-01-01,32,1.9704433497536946,4.433497536945813,6.403940886699508,0.49261083743842365,0.49261083743842365,0.0
lifestyle,2023-02-01,106,0,2,2,0,0,0,2023-02-01,63,0.0,1.8867924528301887,1.8867924528301887,0.0,0.0,0.0
lifestyle,2023-03-01,33,1,0,1,0,0,0,2023-03-01,91,3.0303030303030303,0.0,3.0303030303030303,0.0,0.0,0.0
lifestyle,2023-04-01,49,0,1,2,0,0,0,2023-04-01,122,0.0,2.0408163265306123,4.081632653061225,0.0,0.0,0.0
marketing,2022-11-01,3397,285,108,424,431,233,10,2022-11-01,-29,8.389755666764792,3.1792758316161316,12.48160141301148,12.687665587282899,6.858993229319989,0.2943773918163085
marketing,2022-11-02,3766,217,115,403,412,266,18,2022-11-02,-28,5.762081784386617,3.0536378120021244,10.701009028146574,10.939989378651088,7.063197026022305,0.4779607010090282
marketing,2022-11-03,3102,213,97,370,384,237,11,2022-11-03,-27,6.866537717601548,3.127014829142489,11.927788523533204,12.379110251450678,7.640232108317215,0.3546099290780142
marketing,2022-11-04,3737,231,101,402,426,231,6,2022-11-04,-26,6.181428953706181,2.7027027027027026,10.757291945410758,11.3995183302114,6.181428953706181,0.16055659620016055
marketing,2022-11-05,2833,218,93,342,313,185,7,2022-11-05,-25,7.69502294387575,3.2827391457818567,12.072008471584892,11.048358630427108,6.530180021178962,0.24708789269325804
marketing,2022-11-06,2814,185,89,291,290,173,7,2022-11-06,-24,6.574271499644634,3.1627576403695805,10.341151385927505,10.305614783226725,6.147832267235252,0.24875621890547264
marketing,2022-11-07,3249,221,87,320,368,217,8,2022-11-07,-23,6.802092951677439,2.677746999076639,9.849184364419822,11.326562019082795,6.678978147122192,0.24622960911049552
marketing,2022-11-08,3438,201,77,321,409,231,12,2022-11-08,-22,5.846422338568935,2.239674229203025,9.336823734729494,11.896451425247237,6.719022687609074,0.34904013961605584
marketing,2022-11-09,3274,185,108,321,406,248,8,2022-11-09,-21,5.650580329871716,3.2987171655467313,9.804520464263899,12.40073304825901,7.574832009773977,0.2443494196701283
marketing,2022-11-10,3616,269,82,369,377,212,9,2022-11-10,-20,7.439159292035398,2.267699115044248,10.204646017699115,10.425884955752213,5.8628318584070795,0.2488938053097345
marketing,2022-11-11,3151,232,108,356,394,200,5,2022-11-11,-19,7.3627419866708985,3.4274833386226597,11.298000634719136,12.503966994604887,6.34719136781974,0.15867978419549347
marketing,2022-11-12,2897,145,128,294,334,170,5,2022-11-12,-18,5.005177770107007,4.418363824646185,10.148429409734208,11.529168104936142,5.868139454608215,0.17259233690024164
marketing,2022-11-13,3193,185,86,292,356,188,11,2022-11-13,-17,5.793924209207642,2.693391794550579,9.145004697776386,11.14938928906984,5.887879736924522,0.3445036016285625
marketing,2022-11-14,3331,225,73,336,391,258,7,2022-11-14,-16,6.754728309816873,2.191534073851696,10.087060942659862,11.73821675172621,7.7454217952566795,0.21014710297208045
marketing,2022-11-15,3204,256,95,390,404,237,10,2022-11-15,-15,7.990012484394507,2.965043695380774,12.172284644194757,12.60923845193508,7.397003745318352,0.3121098626716604
marketing,2022-11-16,3498,263,96,381,479,269,20,2022-11-16,-14,7.518582046883934,2.7444253859348198,10.891938250428817,13.69353916523728,7.69010863350486,0.5717552887364208
marketing,2022-11-17,3518,290,101,441,474,267,12,2022-11-17,-13,8.24332006822058,2.8709494030699263,12.535531552018192,13.473564525298464,7.589539511085844,0.34110289937464466
marketing,2022-11-18,3453,208,106,365,369,223,45,2022-11-18,-12,6.023747465971619,3.069794381697075,10.570518389805967,10.686359687228498,6.458152331306111,1.3032145960034751
marketing,2022-11-19,2911,154,92,267,306,182,21,2022-11-19,-11,5.290278254895225,3.160425970456888,9.172105805565097,10.511851597389214,6.252147028512539,0.7214015802129852
marketing,2022-11-20,2856,235,70,345,364,220,11,2022-11-20,-10,8.22829131652661,2.450980392156863,12.079831932773109,12.745098039215685,7.703081232492997,0.3851540616246499
marketing,2022-11-21,3473,256,105,416,457,267,5,2022-11-21,-9,7.371148862654765,3.0233227756982437,11.978116901813994,13.158652461848547,7.687877915346962,0.14396775122372588
marketing,2022-11-22,3496,290,92,417,370,225,18,2022-11-22,-8,8.295194508009153,2.631578947368421,11.9279176201373,10.583524027459955,6.435926773455377,0.5148741418764302
marketing,2022-11-23,3297,257,71,349,427,225,16,2022-11-23,-7,7.794965119805884,2.153472854109797,10.585380649074917,12.951167728237792,6.824385805277525,0.48528965726417955
marketing,2022-11-24,3112,207,72,316,358,209,21,2022-11-24,-6,6.651670951156813,2.313624678663239,10.154241645244216,11.503856041131105,6.715938303341902,0.6748071979434447
marketing,2022-11-25,3348,265,65,350,424,209,14,2022-11-25,-5,7.9151732377538835,1.941457586618877,10.454002389486261,12.664277180406213,6.242532855436081,0.4181600955794504
marketing,2022-11-26,3225,200,81,323,362,181,15,2022-11-26,-4,6.2015503875969,2.511627906976744,10.015503875968992,11.224806201550388,5.612403100775194,0.46511627906976744
marketing,2022-11-27,2902,146,74,244,310,170,10,2022-11-27,-3,5.031013094417643,2.5499655410062028,8.407994486560993,10.682288077188145,5.85802894555479,0.34458993797381116
marketing,2022-11-28,3447,209,103,348,412,236,5,2022-11-28,-2,6.063243400058021,2.9881055990716563,10.095735422106179,11.952422396286625,6.846533217290397,0.1450536698578474
marketing,2022-11-29,3989,252,108,410,470,256,20,2022-11-29,-1,6.317372775131612,2.7074454750564048,10.278265229380796,11.782401604412133,6.417648533467034,0.5013787916771121
marketing,2022-11-30,3785,214,89,332,430,233,15,2022-11-30,0,5.653896961690885,2.3513870541611626,8.771466314398943,11.360634081902246,6.155878467635403,0.3963011889035667
marketing,2022-12-01,3416,227,87,320,377,227,5,2022-12-01,1,6.645199063231851,2.5468384074941453,9.367681498829041,11.036299765807962,6.645199063231851,0.14637002341920377
marketing,2022-12-02,3729,194,99,311,421,221,11,2022-12-02,2,5.202467149369804,2.6548672566371683,8.340037543577367,11.289890050951998,5.926521855725396,0.2949852507374631
marketing,2022-12-03,3086,225,92,369,353,187,9,2022-12-03,3,7.29099157485418,2.9812054439403757,11.957226182760856,11.438755670771226,6.059624108878808,0.2916396629941672
marketing,2022-12-04,2852,162,94,265,325,179,19,2022-12-04,4,5.680224403927069,3.2959326788218792,9.291725105189341,11.395511921458626,6.276297335203367,0.6661991584852734
marketing,2022-12-05,2968,192,51,254,417,235,6,2022-12-05,5,6.46900269541779,1.7183288409703505,8.557951482479785,14.04986522911051,7.917789757412399,0.20215633423180593
marketing,2022-12-06,3270,230,77,347,406,236,16,2022-12-06,6,7.033639143730887,2.3547400611620795,10.611620795107033,12.415902140672783,7.217125382262997,0.4892966360856269
marketing,2022-12-07,3777,251,113,374,432,263,14,2022-12-07,7,6.645485835319036,2.991792427852793,9.90203865501721,11.437648927720414,6.963198305533493,0.3706645485835319
marketing,2022-12-08,3814,243,116,369,447,247,15,2022-12-08,8,6.371263765076035,3.0414263240692185,9.67488201363398,11.71997902464604,6.476140534871526,0.39328788673308857
marketing,2022-12-09,3560,275,101,390,365,194,16,2022-12-09,9,7.724719101123595,2.837078651685393,10.955056179775282,10.252808988764045,5.44943820224719,0.44943820224719105
marketing,2022-12-10,2880,194,89,303,343,186,9,2022-12-10,10,6.736111111111111,3.0902777777777777,10.520833333333334,11.909722222222221,6.458333333333334,0.3125
marketing,2022-12-11,2859,166,91,268,295,152,7,2022-12-11,11,5.806225953130465,3.1829310947883873,9.37390696047569,10.318293109478839,5.3165442462399435,0.24484085344526058
marketing,2022-12-12,2228,136,52,199,272,169,7,2022-12-12,12,6.104129263913824,2.333931777378815,8.931777378815081,12.208258527827647,7.585278276481149,0.3141831238779174
marketing,2023-01-01,70,1,5,6,5,4,0,2023-01-01,32,1.4285714285714286,7.142857142857142,8.571428571428571,7.142857142857142,5.714285714285714,0.0
marketing,2023-02-01,36,2,0,2,7,5,0,2023-02-01,63,5.555555555555555,0.0,5.555555555555555,19.444444444444446,13.88888888888889,0.0
marketing,2023-03-01,11,0,0,1,1,1,0,2023-03-01,91,0.0,0.0,9.090909090909092,9.090909090909092,9.090909090909092,0.0
marketing,2023-04-01,24,1,1,2,2,2,0,2023-04-01,122,4.166666666666666,4.166666666666666,8.333333333333332,8.333333333333332,8.333333333333332,0.0
social_questions,2022-11-01,45760,1522,1876,4084,2878,2456,188,2022-11-01,-29,3.326048951048951,4.099650349650349,8.924825174825175,6.289335664335664,5.367132867132867,0.41083916083916083
social_questions,2022-11-02,46746,1372,2463,4760,2789,2335,149,2022-11-02,-28,2.9350104821802936,5.268900012835323,10.182689427972447,5.966285885423352,4.995079792923459,0.31874384974115433
social_questions,2022-11-03,43935,1381,2088,4303,2698,2221,142,2022-11-03,-27,3.143279845225902,4.752475247524752,9.794013884147034,6.140889951064072,5.055195174689882,0.3232047342665301
social_questions,2022-11-04,42958,1402,1986,4091,2574,2175,176,2022-11-04,-26,3.2636528702453558,4.623120256995204,9.523255272591834,5.991899064202244,5.063084873597468,0.40970250011639275
social_questions,2022-11-05,38313,1760,1782,4269,2595,2221,203,2022-11-05,-25,4.593741027849555,4.651162790697675,11.142432072664631,6.773157935948633,5.796987967530604,0.5298462662803748
social_questions,2022-11-06,41729,1704,1792,4265,2754,2354,203,2022-11-06,-24,4.0834910973184115,4.294375614081335,10.220709818112104,6.599726808694194,5.641160823408181,0.4864722375326511
social_questions,2022-11-07,47109,1566,2082,4584,2994,2552,189,2022-11-07,-23,3.3242055658154497,4.419537667961536,9.730624721390816,6.355473476405782,5.417223885032584,0.4011972234604853
social_questions,2022-11-08,50095,2168,2215,5316,2778,2339,206,2022-11-08,-22,4.327777223275777,4.421598961972252,10.611837508733407,5.545463619123665,4.669128655554446,0.41121868449945104
social_questions,2022-11-09,45124,1810,2017,4793,2855,2422,168,2022-11-09,-21,4.01116922258665,4.469905150252637,10.62184203528056,6.327010016842478,5.367431965251308,0.372307419555004
social_questions,2022-11-10,44188,1386,2193,4285,2718,2284,184,2022-11-10,-20,3.1365981714492626,4.962885851362361,9.697202860505115,6.150991219335566,5.168824115144384,0.4164026432515615
social_questions,2022-11-11,43526,1480,2013,4132,2638,2258,172,2022-11-11,-19,3.4002665073749023,4.624821945503837,9.493176492211552,6.060745301658779,5.187703901116574,0.39516610761383997
social_questions,2022-11-12,43518,1539,2003,4256,2528,2135,166,2022-11-12,-18,3.5364676685509444,4.602693138471437,9.779861206856932,5.80909049129096,4.90601590146606,0.3814513534629349
social_questions,2022-11-13,45251,1513,2291,4559,2821,2433,239,2022-11-13,-17,3.3435725177344144,5.0628715387505245,10.074915471481294,6.234116373118826,5.376676758524673,0.5281651234226868
social_questions,2022-11-14,44226,1589,2129,4588,2853,2443,133,2022-11-14,-16,3.592909148464704,4.813910369465925,10.37398815176593,6.4509564509564505,5.523899968344413,0.30072807850585626
social_questions,2022-11-15,46136,2537,1993,5261,2686,2268,180,2022-11-15,-15,5.498959597711115,4.319837003641408,11.403242587133692,5.821917808219178,4.915900814981793,0.39015085833188834
social_questions,2022-11-16,46660,4421,1882,7151,2650,2261,224,2022-11-16,-14,9.474924989284183,4.033433347621089,15.32576082297471,5.679382768966995,4.845692241748821,0.48006858122588947
social_questions,2022-11-17,45530,4063,1909,6716,2646,2213,236,2022-11-17,-13,8.92378651438612,4.192839885789589,14.750713815066987,5.811552822314957,4.86053151768065,0.5183395563364814
social_questions,2022-11-18,42886,3841,1677,6233,2476,2033,160,2022-11-18,-12,8.956302756144197,3.9103670195401765,14.533880520449562,5.773445879774285,4.740474747003684,0.3730821247027002
social_questions,2022-11-19,37983,3341,1565,5470,2408,2066,139,2022-11-19,-11,8.796040333833558,4.1202643287786636,14.401179475028304,6.339678277123976,5.439275465339757,0.36595318958481426
social_questions,2022-11-20,40098,3858,1483,5927,2658,2283,114,2022-11-20,-10,9.621427502618584,3.698438824879046,14.781285849668313,6.628759539129134,5.693550800538681,0.28430345653149786
social_questions,2022-11-21,41187,3828,1822,6104,2764,2363,154,2022-11-21,-9,9.29419477019448,4.423725932940005,14.820210260519096,6.7108553669847275,5.737247189647219,0.3739043873066744
social_questions,2022-11-22,43074,4140,1824,6400,2825,2384,130,2022-11-22,-8,9.61136648558295,4.2345730603148075,14.858151088823885,6.558480754051168,5.5346612805868975,0.3018061939917352
social_questions,2022-11-23,40999,3318,1617,5377,2584,2196,165,2022-11-23,-7,8.092880314154003,3.9439986341130275,13.11495402326886,6.3025927461645415,5.356228200687822,0.402448840215615
social_questions,2022-11-24,39536,3433,1600,5458,2473,1996,164,2022-11-24,-6,8.683225414811817,4.046944556859571,13.805139619587212,6.255058680696074,5.048563334682314,0.41481181707810605
social_questions,2022-11-25,37777,3127,1501,5104,2526,2120,106,2022-11-25,-5,8.277523360775074,3.973317097704953,13.51086640019059,6.686608253699341,5.611880244593271,0.2805940122296635
social_questions,2022-11-26,38037,3309,1476,5252,2576,2250,161,2022-11-26,-4,8.69942424481426,3.880432210742172,13.807608381312933,6.772353235008019,5.91529300418014,0.4232720771880012
social_questions,2022-11-27,40556,3662,1483,5545,2671,2326,136,2022-11-27,-3,9.029490087779859,3.656672255646513,13.672452904625704,6.585955222408521,5.7352796133741,0.33533879080777196
social_questions,2022-11-28,44121,3807,1679,6062,2874,2490,176,2022-11-28,-2,8.628544230638472,3.8054441195802453,13.739489132159289,6.513904943224315,5.643571088597266,0.39890301670406386
social_questions,2022-11-29,44976,2380,1897,4905,2762,2304,183,2022-11-29,-1,5.291711134827463,4.217805051583066,10.90581643543223,6.14105300604767,5.122732123799359,0.4068836712913554
social_questions,2022-11-30,45062,4240,1648,6386,2690,2280,147,2022-11-30,0,9.40925835515512,3.657183436154631,14.171585815099197,5.9695530602281295,5.059695530602281,0.32621721184146285
social_questions,2022-12-01,45166,3779,1505,5703,2513,2135,206,2022-12-01,1,8.36691316476996,3.332152504096001,12.626754638444847,5.563919762653324,4.727007040694327,0.4560952929194527
social_questions,2022-12-02,42019,3603,1696,6136,2454,2056,194,2022-12-02,2,8.574692401056664,4.036269306742188,14.602917727694614,5.840215140769652,4.893024584116709,0.4616958994740475
social_questions,2022-12-03,38672,3263,1673,5791,2441,2089,153,2022-12-03,3,8.437629292511378,4.326127430699215,14.974658667769964,6.312060405461316,5.401841125362019,0.3956350848158875
social_questions,2022-12-04,39429,3205,1726,5583,2568,2251,152,2022-12-04,4,8.12853483476629,4.377488650485683,14.159628699688046,6.51297268507951,5.70899591671105,0.38550305612620156
social_questions,2022-12-05,43791,3382,1859,6082,2745,2374,198,2022-12-05,5,7.723048114909456,4.245164531524743,13.888698591034688,6.268411317393985,5.42120527048937,0.45214770158251694
social_questions,2022-12-06,44493,3751,2000,6708,2776,2369,176,2022-12-06,6,8.430539635448273,4.495089115141708,15.076528892185287,6.23918369181669,5.324433056885352,0.39556784213247026
social_questions,2022-12-07,43789,3677,1889,6572,2727,2365,199,2022-12-07,7,8.397086026170957,4.3138687798305515,15.008335426705338,6.22759140423394,5.400899769348467,0.45445203133206974
social_questions,2022-12-08,44639,3915,1895,6677,2545,2179,158,2022-12-08,8,8.77035775891037,4.24516678241,14.957772351531172,5.7012925916799215,4.881381751383319,0.35395058133022694
social_questions,2022-12-09,42262,3562,1872,6199,2471,2040,213,2022-12-09,9,8.428375372675216,4.429511144763618,14.668023283327813,5.846860063413942,4.827031375703942,0.5039988642279116
social_questions,2022-12-10,40897,3413,1776,5893,2487,2141,189,2022-12-10,10,8.345355405041936,4.342616817859501,14.409369880431328,6.081130645279605,5.235102819277698,0.4621365870357239
social_questions,2022-12-11,40433,3775,1634,6087,2708,2285,205,2022-12-11,11,9.336433111567285,4.0412534316028985,15.05453466228081,6.697499567185219,5.65132441322682,0.5070115994361042
social_questions,2022-12-12,31418,2628,1193,4343,1987,1668,152,2022-12-12,12,8.364631739767013,3.7971863263097587,13.823286014386657,6.3244000254631105,5.309058501495958,0.48379909605958366
social_questions,2023-01-01,962,146,25,179,72,64,1,2023-01-01,32,15.176715176715177,2.598752598752599,18.60706860706861,7.484407484407485,6.652806652806653,0.10395010395010396
social_questions,2023-02-01,474,105,22,128,37,38,3,2023-02-01,63,22.151898734177212,4.641350210970464,27.004219409282697,7.805907172995781,8.016877637130802,0.6329113924050633
social_questions,2023-03-01,158,36,7,43,7,9,0,2023-03-01,91,22.78481012658228,4.430379746835443,27.21518987341772,4.430379746835443,5.69620253164557,0.0
social_questions,2023-04-01,176,32,9,41,15,11,0,2023-04-01,122,18.181818181818183,5.113636363636364,23.295454545454543,8.522727272727272,6.25,0.0
tech_science,2022-11-01,12492,939,476,1508,118,191,31,2022-11-01,-29,7.516810758885686,3.810438680755684,12.071725904578932,0.9446045469100224,1.5289785462696126,0.24815882164585337
tech_science,2022-11-02,13351,747,661,1562,117,180,32,2022-11-02,-28,5.595086510373755,4.950940004494045,11.699498164931466,0.8763388510223954,1.3482136169575312,0.23968242079245003
tech_science,2022-11-03,15926,1209,705,2101,125,175,30,2022-11-03,-27,7.59136004018586,4.426723596634434,13.192264222026875,0.7848800703252543,1.098832098455356,0.18837121687806105
tech_science,2022-11-04,12810,997,571,1736,107,149,37,2022-11-04,-26,7.7829820452771274,4.457455113192818,13.55191256830601,0.8352849336455893,1.1631537861046057,0.2888368462138954
tech_science,2022-11-05,10348,709,474,1317,122,159,32,2022-11-05,-25,6.851565519907228,4.580595284112872,12.727097023579436,1.1789717819868575,1.5365287978353304,0.30923850019327404
tech_science,2022-11-06,10095,584,441,1172,115,149,38,2022-11-06,-24,5.785042100049529,4.368499257057949,11.609707776126795,1.1391778107974244,1.4759782070331846,0.3764239722634968
tech_science,2022-11-07,13834,1028,572,1764,108,183,34,2022-11-07,-23,7.4309671823044665,4.134740494434004,12.751192713604166,0.7806852681798468,1.3228278155269624,0.2457712881306925
tech_science,2022-11-08,13061,721,571,1470,111,149,39,2022-11-08,-22,5.520251129316285,4.3717938902074875,11.254880943266214,0.84985835694051,1.1408008575147386,0.2985988821682872
tech_science,2022-11-09,12178,841,512,1500,89,162,33,2022-11-09,-21,6.905895877812449,4.20430284118903,12.317293480045985,0.7308260798160617,1.3302676958449662,0.27098045656101166
tech_science,2022-11-10,9537,639,370,1142,117,139,34,2022-11-10,-20,6.700220195029884,3.8796267169969587,11.974415434623047,1.2268008807801196,1.4574813882772362,0.35650623885918004
tech_science,2022-11-11,11464,806,484,1431,126,163,18,2022-11-11,-19,7.030704815073273,4.221912072575018,12.48255408234473,1.0990928122819261,1.4218422889043962,0.15701325889741802
tech_science,2022-11-12,8930,471,408,977,118,138,36,2022-11-12,-18,5.274356103023516,4.568868980963046,10.940649496080628,1.3213885778275476,1.5453527435610304,0.4031354983202688
tech_science,2022-11-13,7502,399,292,775,126,164,30,2022-11-13,-17,5.3185817115435885,3.8922953878965614,10.330578512396695,1.6795521194348173,2.1860837110103972,0.39989336177019463
tech_science,2022-11-14,11696,706,540,1333,127,171,35,2022-11-14,-16,6.0362517099863195,4.6169630642954855,11.397058823529411,1.085841313269494,1.4620383036935705,0.29924760601915185
tech_science,2022-11-15,12630,948,548,1634,114,177,42,2022-11-15,-15,7.505938242280285,4.338875692794933,12.937450514647663,0.9026128266033254,1.4014251781472684,0.332541567695962
tech_science,2022-11-16,12230,959,497,1580,124,170,42,2022-11-16,-14,7.841373671300082,4.063777596075225,12.919051512673754,1.0139002452984465,1.3900245298446443,0.34341782502044155
tech_science,2022-11-17,15738,1268,668,2074,128,183,49,2022-11-17,-13,8.05693226585335,4.244503748888042,13.178294573643413,0.8133180836192655,1.1627906976744187,0.31134832888550007
tech_science,2022-11-18,23550,865,1095,2082,116,168,59,2022-11-18,-12,3.673036093418259,4.64968152866242,8.84076433121019,0.49256900212314225,0.7133757961783439,0.2505307855626327
tech_science,2022-11-19,27977,696,1092,1939,136,170,74,2022-11-19,-11,2.487757801050863,3.903206205097044,6.9306930693069315,0.48611359330878934,0.6076419916359866,0.26450298459448834
tech_science,2022-11-20,9343,662,383,1100,140,199,27,2022-11-20,-10,7.085518570052446,4.099325698383817,11.773520282564487,1.4984480359627528,2.1299368511184844,0.28898640693567373
tech_science,2022-11-21,9719,663,354,1115,141,155,25,2022-11-21,-9,6.821689474225743,3.6423500360119356,11.472373700998045,1.4507665397674658,1.594814281304661,0.25722810988784856
tech_science,2022-11-22,12371,808,490,1400,120,165,47,2022-11-22,-8,6.531404090210978,3.960876242825964,11.31678926521704,0.9700105084471747,1.3337644491148655,0.3799207824751435
tech_science,2022-11-23,14960,1143,650,1920,113,194,48,2022-11-23,-7,7.6403743315508015,4.3449197860962565,12.834224598930483,0.7553475935828877,1.2967914438502675,0.32085561497326204
tech_science,2022-11-24,11713,922,524,1566,103,161,64,2022-11-24,-6,7.871595662938616,4.473661743362077,13.36976009562025,0.8793648083326219,1.3745411081704089,0.546401434303765
tech_science,2022-11-25,8238,584,339,1020,131,170,35,2022-11-25,-5,7.089099295945618,4.115076474872542,12.381646030589948,1.5901917941247876,2.0636076717649914,0.4248604030104394
tech_science,2022-11-26,7946,474,377,936,136,174,24,2022-11-26,-4,5.9652655424112755,4.744525547445255,11.779511704002013,1.7115529826327711,2.18978102189781,0.3020387616410773
tech_science,2022-11-27,9241,507,351,963,135,200,46,2022-11-27,-3,5.486419218699274,3.7982902283302673,10.420950113624066,1.4608808570501028,2.1642679363705226,0.4977816253652202
tech_science,2022-11-28,11539,510,525,1152,110,164,48,2022-11-28,-2,4.419793742958662,4.549787676575093,9.983534101741919,0.9532888465204957,1.421267007539648,0.4159805875725799
tech_science,2022-11-29,13121,784,588,1525,124,147,41,2022-11-29,-1,5.975154332749028,4.481365749561771,11.622589741635545,0.9450499199756115,1.1203414373904428,0.31247618321774256
tech_science,2022-11-30,12302,700,463,1281,135,178,44,2022-11-30,0,5.690131685904731,3.7636156722484144,10.412940985205656,1.0973825394244838,1.4469192001300601,0.35766542025686876
tech_science,2022-12-01,10841,648,466,1219,132,173,39,2022-12-01,1,5.977308366386865,4.2984964486670965,11.244350152199981,1.217599852412139,1.5957937459643943,0.3597454109399502
tech_science,2022-12-02,15703,1038,779,2019,134,173,60,2022-12-02,2,6.61020187225371,4.960835509138381,12.857415780424123,0.8533401260905559,1.101700312042285,0.3820925937718907
tech_science,2022-12-03,10217,569,486,1149,116,151,46,2022-12-03,3,5.569149456787707,4.75677791915435,11.24596261133405,1.135362630909269,1.4779289419594792,0.450230008808848
tech_science,2022-12-04,9540,639,400,1169,112,141,37,2022-12-04,4,6.69811320754717,4.1928721174004195,12.253668763102725,1.1740041928721174,1.477987421383648,0.38784067085953877
tech_science,2022-12-05,13867,885,627,1641,115,169,58,2022-12-05,5,6.382058123602798,4.521525924857576,11.833850147832985,0.829306987812793,1.218720703829235,0.4182591764621043
tech_science,2022-12-06,13656,872,588,1588,115,163,48,2022-12-06,6,6.38547158758055,4.305799648506151,11.628588166373754,0.8421206795547744,1.1936145284124196,0.35149384885764495
tech_science,2022-12-07,14855,1012,639,1756,126,158,39,2022-12-07,7,6.812521036687984,4.301581958936385,11.820935711881521,0.848199259508583,1.0636149444631438,0.2625378660383709
tech_science,2022-12-08,15996,1163,739,2088,121,206,72,2022-12-08,8,7.270567641910477,4.619904976244061,13.053263315828959,0.7564391097774443,1.2878219554888721,0.45011252813203295
tech_science,2022-12-09,32070,5083,1435,6687,113,168,102,2022-12-09,9,15.84970377299657,4.474586841284689,20.851262862488305,0.3523542251325226,0.5238540692235735,0.31805425631431244
tech_science,2022-12-10,13154,588,565,1249,110,130,46,2022-12-10,10,4.470123156454311,4.2952714003344985,9.495210582332371,0.8362475292686635,0.9882925345902387,0.3497035122396229
tech_science,2022-12-11,10510,897,500,1482,120,154,71,2022-12-11,11,8.534728829686014,4.757373929590866,14.100856327307326,1.141769743101808,1.4652711703139867,0.6755470980019029
tech_science,2022-12-12,8591,393,368,813,86,104,35,2022-12-12,12,4.5745547666162265,4.283552554999418,9.463391921778605,1.0010476079618205,1.2105692003259223,0.4074030962635316
tech_science,2023-01-01,212,11,5,16,5,3,1,2023-01-01,32,5.188679245283019,2.358490566037736,7.547169811320755,2.358490566037736,1.4150943396226416,0.4716981132075472
tech_science,2023-02-01,98,6,8,14,0,1,0,2023-02-01,63,6.122448979591836,8.16326530612245,14.285714285714285,0.0,1.0204081632653061,0.0
tech_science,2023-03-01,44,2,4,6,1,0,1,2023-03-01,91,4.545454545454546,9.090909090909092,13.636363636363635,2.272727272727273,0.0,2.272727272727273
tech_science,2023-04-01,64,4,4,10,0,0,0,2023-04-01,122,6.25,6.25,15.625,0.0,0.0,0.0
writing_learning,2022-11-01,4567,63,114,196,35,34,404,2022-11-01,-29,1.3794613531858988,2.496168162907817,4.291657543245019,0.7663674184366105,0.7444712064812787,8.846069629954018
writing_learning,2022-11-02,4738,69,124,263,52,12,335,2022-11-02,-28,1.4563106796116505,2.617138032925285,5.550865344027016,1.0975094976783453,0.2532714225411566,7.070493879273955
writing_learning,2022-11-03,4605,48,147,260,62,18,324,2022-11-03,-27,1.0423452768729642,3.1921824104234524,5.646036916395222,1.3463626492942453,0.39087947882736157,7.035830618892508
writing_learning,2022-11-04,5023,108,134,315,66,15,278,2022-11-04,-26,2.1501094963169423,2.6677284491339837,6.271152697591082,1.313955803304798,0.2986263189329086,5.534541110889907
writing_learning,2022-11-05,5346,84,173,313,51,25,364,2022-11-05,-25,1.5712682379349048,3.236064347175458,5.854844743733632,0.9539842873176206,0.46763935652824545,6.8088290310512525
writing_learning,2022-11-06,5011,81,165,284,66,24,261,2022-11-06,-24,1.616443823588106,3.292755936938735,5.667531430852126,1.3171023747754937,0.47894631810017957,5.208541209339454
writing_learning,2022-11-07,6050,69,166,289,66,13,251,2022-11-07,-23,1.140495867768595,2.743801652892562,4.776859504132231,1.090909090909091,0.21487603305785125,4.148760330578512
writing_learning,2022-11-08,5901,59,154,312,48,15,251,2022-11-08,-22,0.9998305371970853,2.6097271648873073,5.287239450940519,0.813421453990849,0.2541942043721403,4.253516353160481
writing_learning,2022-11-09,4794,55,126,233,39,21,318,2022-11-09,-21,1.14726741760534,2.6282853566958697,4.860241969128077,0.8135168961201502,0.4380475594493116,6.633291614518148
writing_learning,2022-11-10,5136,109,128,280,37,11,244,2022-11-10,-20,2.122274143302181,2.4922118380062304,5.451713395638629,0.720404984423676,0.2141744548286604,4.750778816199377
writing_learning,2022-11-11,4002,57,124,250,42,19,261,2022-11-11,-19,1.424287856071964,3.0984507746126937,6.246876561719141,1.0494752623688157,0.4747626186906547,6.521739130434782
writing_learning,2022-11-12,4350,40,148,264,44,17,268,2022-11-12,-18,0.9195402298850575,3.402298850574713,6.068965517241379,1.011494252873563,0.3908045977011494,6.1609195402298855
writing_learning,2022-11-13,4652,60,107,239,46,13,297,2022-11-13,-17,1.2897678417884781,2.3000859845227857,5.137575236457438,0.9888220120378332,0.2794496990541703,6.384350816852967
writing_learning,2022-11-14,4563,41,94,190,53,14,333,2022-11-14,-16,0.898531667762437,2.0600482138943677,4.1639272408503185,1.1615165461319308,0.30681569143107607,7.297830374753452
writing_learning,2022-11-15,5657,56,139,254,58,31,382,2022-11-15,-15,0.9899239879794944,2.457132755877674,4.49001237404985,1.0252784161216193,0.5479936362029344,6.7526957751458365
writing_learning,2022-11-16,4756,75,118,248,51,16,301,2022-11-16,-14,1.576955424726661,2.48107653490328,5.214465937762826,1.0723296888141296,0.33641715727502103,6.328847771236333
writing_learning,2022-11-17,4873,49,135,228,53,13,327,2022-11-17,-13,1.0055407346603733,2.770367330186743,4.678842602093167,1.0876256925918326,0.266776113277242,6.7104453108967785
writing_learning,2022-11-18,4373,46,113,209,45,13,393,2022-11-18,-12,1.0519094443174024,2.584038417562314,4.779327692659501,1.0290418477018064,0.2972787560027441,8.98696546992911
writing_learning,2022-11-19,5029,48,151,228,50,18,339,2022-11-19,-11,0.954464108172599,3.002585006959634,4.5337045138198455,0.9942334460131239,0.3579240405647246,6.74090276396898
writing_learning,2022-11-20,4642,62,96,209,38,15,364,2022-11-20,-10,1.3356311934510987,2.068074105988798,4.502369668246446,0.8186126669538992,0.3231365790607497,7.8414476518741925
writing_learning,2022-11-21,4316,45,116,216,50,19,319,2022-11-21,-9,1.0426320667284523,2.6876737720111215,5.004633920296571,1.1584800741427248,0.4402224281742354,7.391102873030583
writing_learning,2022-11-22,4514,50,131,237,49,14,371,2022-11-22,-8,1.1076650420912717,2.9020824102791316,5.250332299512627,1.0855117412494462,0.31014621178555607,8.218874612317235
writing_learning,2022-11-23,5201,93,143,288,63,18,315,2022-11-23,-7,1.788117669678908,2.749471255527783,5.5373966544895215,1.2113055181695829,0.3460872909055951,6.056527590847914
writing_learning,2022-11-24,4387,30,87,146,56,14,305,2022-11-24,-6,0.6838386140870755,1.9831319808525187,3.3280145885571004,1.2764987462958741,0.31912468657396853,6.9523592432186
writing_learning,2022-11-25,4231,51,115,212,42,21,303,2022-11-25,-5,1.2053887969747106,2.7180335618057194,5.010635783502718,0.9926731269203497,0.49633656346017485,7.1614275584968095
writing_learning,2022-11-26,4820,41,104,169,46,13,391,2022-11-26,-4,0.8506224066390041,2.1576763485477177,3.5062240663900415,0.9543568464730291,0.2697095435684647,8.112033195020746
writing_learning,2022-11-27,4950,30,99,165,44,10,419,2022-11-27,-3,0.6060606060606061,2.0,3.3333333333333335,0.8888888888888888,0.20202020202020202,8.464646464646465
writing_learning,2022-11-28,4998,72,94,195,65,14,360,2022-11-28,-2,1.440576230492197,1.8807523009203682,3.9015606242496994,1.3005202080832332,0.2801120448179272,7.202881152460984
writing_learning,2022-11-29,6282,82,152,275,55,12,304,2022-11-29,-1,1.3053167780961477,2.41961158866603,4.377586755810251,0.8755173511620503,0.19102196752626552,4.83922317733206
writing_learning,2022-11-30,4419,50,110,195,74,6,294,2022-11-30,0,1.1314777098891151,2.489250961756053,4.412763068567549,1.6745870106358904,0.1357773251866938,6.6530889341479975
writing_learning,2022-12-01,4312,69,85,212,58,22,310,2022-12-01,1,1.6001855287569575,1.971243042671614,4.916512059369202,1.3450834879406308,0.5102040816326531,7.189239332096475
writing_learning,2022-12-02,4196,56,111,237,52,20,253,2022-12-02,2,1.334604385128694,2.6453765490943755,5.648236415633937,1.2392755004766445,0.47664442326024786,6.029551954242136
writing_learning,2022-12-03,4469,77,107,244,50,24,305,2022-12-03,3,1.722980532557619,2.39427164913851,5.45983441485791,1.1188185276348177,0.5370328932647125,6.824793018572388
writing_learning,2022-12-04,4858,39,134,239,61,29,310,2022-12-04,4,0.8027995059695348,2.758336764100453,4.919720049403047,1.2556607657472212,0.5969534787978592,6.381226842321944
writing_learning,2022-12-05,5111,63,117,248,69,20,314,2022-12-05,5,1.2326354920759148,2.2891801995695555,4.8522793973782035,1.350029348464097,0.3913128546272745,6.1436118176482095
writing_learning,2022-12-06,5888,146,138,349,56,11,452,2022-12-06,6,2.479619565217391,2.34375,5.927309782608696,0.9510869565217392,0.18682065217391305,7.676630434782608
writing_learning,2022-12-07,4511,53,102,208,49,16,309,2022-12-07,7,1.1749057858567944,2.2611394369319444,4.610951008645533,1.0862336510751498,0.35468853912657944,6.849922411882066
writing_learning,2022-12-08,4871,91,171,316,51,19,340,2022-12-08,8,1.868199548347362,3.5105727776637243,6.48737425579963,1.047012933689181,0.390063641962636,6.980086224594539
writing_learning,2022-12-09,4906,56,141,253,57,22,349,2022-12-09,9,1.1414594374235632,2.874031797798614,5.15695067264574,1.1618426416632694,0.4484304932735426,7.113738279657563
writing_learning,2022-12-10,4240,58,102,189,42,12,226,2022-12-10,10,1.3679245283018868,2.405660377358491,4.4575471698113205,0.9905660377358491,0.2830188679245283,5.330188679245283
writing_learning,2022-12-11,4968,65,114,226,64,19,370,2022-12-11,11,1.3083735909822867,2.2946859903381642,4.549114331723027,1.288244766505636,0.38244766505636074,7.447665056360709
writing_learning,2022-12-12,3552,37,82,151,42,7,244,2022-12-12,12,1.0416666666666665,2.3085585585585586,4.251126126126127,1.1824324324324325,0.19707207207207206,6.86936936936937
writing_learning,2023-01-01,95,2,2,4,1,0,0,2023-01-01,32,2.1052631578947367,2.1052631578947367,4.2105263157894735,1.0526315789473684,0.0,0.0
writing_learning,2023-02-01,48,1,1,2,1,0,0,2023-02-01,63,2.083333333333333,2.083333333333333,4.166666666666666,2.083333333333333,0.0,0.0
writing_learning,2023-03-01,12,0,0,0,1,0,0,2023-03-01,91,0.0,0.0,0.0,8.333333333333332,0.0,0.0
writing_learning,2023-04-01,26,0,0,1,0,0,0,2023-04-01,122,0.0,0.0,3.8461538461538463,0.0,0.0,0.0
